Tytuł,Model telefonu,Wbudowana pamięć (GB),Stan,Cena (zł),Typ,Kolor,Data ekstraktu,Data opublikowania,URL
iPhone 14 Pro 128 GB NEW! 4999PLN,iPhone 14 Pro,128,Nowe,4999,Firmowe,,2023-08-09 10:29,2023-08-06 00:00,https://www.olx.pl/d/oferta/iphone-14-pro-128-gb-new-4999pln-CID99-IDSXTXk.html
iPhone 13 Pro 256gb Bateria 100% Sklep Warszawa Gwarancja 12 miesięcy,iPhone 13 Pro,256,Używane,4249,Firmowe,,2023-08-09 10:29,2023-07-24 00:00,https://www.olx.pl/d/oferta/iphone-13-pro-256gb-bateria-100-sklep-warszawa-gwarancja-12-miesiecy-CID99-IDUc8g5.html
"iPhone 14 Pro Gold, gwarancja",iPhone 14 Pro,128,Nowe,4999,Firmowe,Złoty,2023-08-09 10:29,2023-08-08 00:00,https://www.olx.pl/d/oferta/iphone-14-pro-gold-gwarancja-CID99-IDWNgY7.html
iPhone 13 Pro Gold 128Gb,iPhone 13 Pro,128,Używane,3400,Prywatne,Złoty,2023-08-09 10:29,2023-08-09 08:20,https://www.olx.pl/d/oferta/iphone-13-pro-gold-128gb-CID99-IDWO3WZ.html
iPhone 13 Pro 128GB Biały w idealnym stanie!,iPhone 13 Pro,128,Używane,3899,Firmowe,Biały,2023-08-09 10:29,2023-08-09 08:18,https://www.olx.pl/d/oferta/iphone-13-pro-128gb-bialy-w-idealnym-stanie-CID99-IDT91MQ.html
Iphone 14 PRO czarny nowy w pudełku,iPhone 14 Pro,256,Nowe,5550,Prywatne,Czarny,2023-08-09 10:29,2023-08-09 08:05,https://www.olx.pl/d/oferta/iphone-14-pro-czarny-nowy-w-pudelku-CID99-IDWO2NZ.html
iPhone 14 Pro 256GB Space Black,iPhone 14 Pro,256,Nowe,5500,Prywatne,,2023-08-09 10:29,2023-08-09 07:53,https://www.olx.pl/d/oferta/iphone-14-pro-256gb-space-black-CID99-IDWLDqU.html
DOSTEPNE iPhone 14 PRO 256GB 5250zł Gold Złote Tarasy,iPhone 14 Pro,256,Nowe,5250,Firmowe,Złoty,2023-08-09 10:29,2023-08-09 07:40,https://www.olx.pl/d/oferta/dostepne-iphone-14-pro-256gb-5250zl-gold-zlote-tarasy-CID99-IDSmfpB.html
iphone 14 pro czarny 100%,iPhone 14 Pro,128,Używane,4100,Prywatne,Czarny,2023-08-09 10:29,2023-08-09 07:36,https://www.olx.pl/d/oferta/iphone-14-pro-czarny-100-CID99-IDWO0JC.html
Dostępny iPhone 14 Pro 256GB Purple 5250zł Złote Tarasy,iPhone 14 Pro,256,Nowe,5250,Firmowe,Fioletowy,2023-08-09 10:29,2023-08-09 07:34,https://www.olx.pl/d/oferta/dostepny-iphone-14-pro-256gb-purple-5250zl-zlote-tarasy-CID99-IDSmeto.html
iPhone 13 PRO |jak NOWY | GWARANCJA | TeleCase Lubartów,iPhone 13 Pro,128,Używane,3799,Firmowe,Złoty,2023-08-09 10:29,2023-08-09 07:18,https://www.olx.pl/d/oferta/iphone-13-pro-jak-nowy-gwarancja-telecase-lubartow-CID99-IDWdwlz.html
iPhone 13 Pro 512 GB,iPhone 13 Pro,512,Używane,3099,Prywatne,Niebieski,2023-08-09 10:29,2023-08-08 00:00,https://www.olx.pl/d/oferta/iphone-13-pro-512-gb-CID99-IDWJKOV.html
Iphone 14 Pro 128GB,iPhone 14 Pro,128,Używane,4800,Prywatne,Czarny,2023-08-09 10:29,2023-08-08 00:00,https://www.olx.pl/d/oferta/iphone-14-pro-128gb-CID99-IDWc7co.html
iPhone 14 pro 128gb black czarny NOWY Gwarancja,iPhone 14 Pro,128,Nowe,4550,Prywatne,Czarny,2023-08-09 10:29,2023-08-08 00:00,https://www.olx.pl/d/oferta/iphone-14-pro-128gb-black-czarny-nowy-gwarancja-CID99-IDWNKF6.html
iPhone 13 Pro 256GB Graphite / iCentrum / GW 1 ROK,iPhone 13 Pro,256,Używane,4299,Firmowe,Czarny,2023-08-09 10:29,2023-07-26 00:00,https://www.olx.pl/d/oferta/iphone-13-pro-256gb-graphite-icentrum-gw-1-rok-CID99-IDWAMpO.html
iPhone 14 Pro 256GB Black/Purple/Gold/Silver Kraków ul.krakowska 4,iPhone 14 Pro,256,Nowe,5185,Firmowe,,2023-08-09 10:29,2023-08-08 00:00,https://www.olx.pl/d/oferta/iphone-14-pro-256gb-black-purple-gold-silver-krakow-ul-krakowska-4-CID99-IDRGziZ.html
Iphone 13 pro 128gb Kolory Kraków ul.krakowska 4 Sklep GSM,iPhone 13 Pro,128,Nowe,4399,Firmowe,,2023-08-09 10:29,2023-08-08 00:00,https://www.olx.pl/d/oferta/iphone-13-pro-128gb-kolory-krakow-ul-krakowska-4-sklep-gsm-CID99-IDNpTic.html
OKAZJA!!! iPhone 14 Pro 128GB Deep Purple / Gwarancja 24mies / Raty 0%,iPhone 14 Pro,128,Używane,4949,Firmowe,Fioletowy,2023-08-09 10:29,2023-08-08 00:00,https://www.olx.pl/d/oferta/okazja-iphone-14-pro-128gb-deep-purple-gwarancja-24mies-raty-0-CID99-IDWNTCI.html
iPhone 14 pro kolor czarny,iPhone 14 Pro,128,Używane,4899,Prywatne,Czarny,2023-08-09 10:29,2023-08-08 00:00,https://www.olx.pl/d/oferta/iphone-14-pro-kolor-czarny-CID99-IDWNSWL.html
iPhone 13 pro 128GB zielony. Stan idealny! Gratisy o wartości 569zl!,iPhone 13 Pro,128,Używane,3999,Prywatne,Zielony,2023-08-09 10:29,2023-08-08 00:00,https://www.olx.pl/d/oferta/iphone-13-pro-128gb-zielony-stan-idealny-gratisy-o-wartosci-569zl-CID99-IDWNSub.html
APPLE iPhone 13 Pro 128GB Górski błękit,iPhone 13 Pro,,Używane,3899,Prywatne,,2023-08-09 10:29,2023-08-08 00:00,https://www.olx.pl/d/oferta/apple-iphone-13-pro-128gb-gorski-blekit-CID99-IDTJGH7.html
NOWY iPhone 14 Pro 256GB Kolory SKLEP WARSZAWA,iPhone 14 Pro,256,Nowe,5200,Firmowe,Złoty,2023-08-09 10:29,2023-08-08 00:00,https://www.olx.pl/d/oferta/nowy-iphone-14-pro-256gb-kolory-sklep-warszawa-CID99-IDWNR3V.html
iPhone 14 Pro 256GB Złoty,iPhone 14 Pro,256,Nowe,5200,Firmowe,Złoty,2023-08-09 10:29,2023-08-08 00:00,https://www.olx.pl/d/oferta/iphone-14-pro-256gb-zloty-CID99-IDWcFhU.html
Iphone 14 pro 128 gb,iPhone 14 Pro,128,Używane,4700,Prywatne,Czarny,2023-08-09 10:29,2023-08-08 00:00,https://www.olx.pl/d/oferta/iphone-14-pro-128-gb-CID99-IDWNQxR.html
Iphone 14 128Gb nowy fabrycznie! Niebieski! gratis etui ochronne!,iPhone 14 Pro,128,Nowe,3599,Prywatne,Czarny,2023-08-09 10:29,2023-08-08 00:00,https://www.olx.pl/d/oferta/iphone-14-128gb-nowy-fabrycznie-niebieski-gratis-etui-ochronne-CID99-IDW8FDk.html
Apple  iPhone 14 Pro 128GB Silver,iPhone 14 Pro,128,Używane,4299,Firmowe,Srebrny,2023-08-09 10:29,2023-07-27 00:00,https://www.olx.pl/d/oferta/apple-iphone-14-pro-128gb-silver-CID99-IDWC1BY.html
Telefon Apple iPhone 13 Pro 256GB Używany –Graphite –LEO–,iPhone 13 Pro,256,Używane,3499,Firmowe,Szary,2023-08-09 10:29,2023-08-07 00:00,https://www.olx.pl/d/oferta/telefon-apple-iphone-13-pro-256gb-uzywany-graphite-leo-CID99-IDWgv04.html
iPhone 13 Pro Gold / GWARANCJA / Paragon / Idealny Stan,iPhone 13 Pro,128,Używane,3800,Prywatne,Złoty,2023-08-09 10:29,2023-08-06 00:00,https://www.olx.pl/d/oferta/iphone-13-pro-gold-gwarancja-paragon-idealny-stan-CID99-IDWufuE.html
iPhone 13 Pro - 128GB  kondycja baterii 94%,iPhone 13 Pro,128,Używane,3849,Prywatne,Szary,2023-08-09 10:29,2023-08-08 00:00,https://www.olx.pl/d/oferta/iphone-13-pro-128gb-kondycja-baterii-94-CID99-IDWnkz7.html
Nowy iPhone 14 pro Fiolet Purple REZERWACJA,iPhone 14 Pro,128,Nowe,4700,Prywatne,Fioletowy,2023-08-09 10:29,2023-08-08 00:00,https://www.olx.pl/d/oferta/nowy-iphone-14-pro-fiolet-purple-rezerwacja-CID99-IDWNP7i.html
Jak nowy iPhone 13 Pro 128gb ! Gwarancja ! Komplet !,iPhone 13 Pro,128,Używane,3450,Prywatne,Szary,2023-08-09 10:29,2023-08-08 00:00,https://www.olx.pl/d/oferta/jak-nowy-iphone-13-pro-128gb-gwarancja-komplet-CID99-IDWNNpn.html
IPHONE 14 PRO 256GB GOLD Telakces Manufaktura Łódź,iPhone 14 Pro,256,Nowe,5098,Prywatne,Złoty,2023-08-09 10:29,2023-08-08 00:00,https://www.olx.pl/d/oferta/iphone-14-pro-256gb-gold-telakces-manufaktura-lodz-CID99-IDSEJsG.html
Sprzedam iPhone 13 pro,iPhone 13 Pro,128,Używane,3700,Prywatne,Niebieski,2023-08-09 10:29,2023-08-08 00:00,https://www.olx.pl/d/oferta/sprzedam-iphone-13-pro-CID99-IDWNKvi.html
iPhone 13 Pro 128GB Graphite | Bateria 90% | Gwarancja | Faktura |,iPhone 13 Pro,128,Używane,3499,Firmowe,Szary,2023-08-09 10:29,2023-08-08 00:00,https://www.olx.pl/d/oferta/iphone-13-pro-128gb-graphite-bateria-90-gwarancja-faktura-CID99-IDTAAPF.html
"IDEALNY iPhone 13 Pro 256 Gb Graphite, BATT 100%",iPhone 13 Pro,256,Używane,3699,Prywatne,Szary,2023-08-09 10:29,2023-08-08 00:00,https://www.olx.pl/d/oferta/idealny-iphone-13-pro-256-gb-graphite-batt-100-CID99-IDWIpj4.html
Iphone 13 pro 256gb kolory Kraków ul.krakowska 4 Sklep GSM,iPhone 13 Pro,256,Nowe,4799,Firmowe,,2023-08-09 10:29,2023-08-08 00:00,https://www.olx.pl/d/oferta/iphone-13-pro-256gb-kolory-krakow-ul-krakowska-4-sklep-gsm-CID99-IDWvbXn.html
Nowy IPHONE 14 PRO Space black Zaplombowany  128Gb,iPhone 14 Pro,128,Nowe,4490,Prywatne,Czarny,2023-08-09 10:29,2023-08-08 00:00,https://www.olx.pl/d/oferta/nowy-iphone-14-pro-space-black-zaplombowany-128gb-CID99-IDWNJcU.html
"iPhone 14 pro 128 gb Czarny, zaplombowany , nieaktywowany",iPhone 14 Pro,128,Nowe,4649,Firmowe,Czarny,2023-08-09 10:29,2023-08-08 00:00,https://www.olx.pl/d/oferta/iphone-14-pro-128-gb-czarny-zaplombowany-nieaktywowany-CID99-IDWJtkD.html
iPhone 14 Pro 256Gb Space Gray,iPhone 14 Pro,256,Używane,4450,Prywatne,Czarny,2023-08-09 10:29,2023-08-07 00:00,https://www.olx.pl/d/oferta/iphone-14-pro-256gb-space-gray-CID99-IDWMCRS.html
Nowy iPhone 14 Pro 258 GB Czarny,iPhone 14 Pro,256,Nowe,5099,Prywatne,Czarny,2023-08-09 10:29,2023-08-08 00:00,https://www.olx.pl/d/oferta/nowy-iphone-14-pro-258-gb-czarny-CID99-IDWGFwJ.html
NOWY iPhone 13 Pro 128GB Gold - Gwarancja,iPhone 13 Pro,128,Nowe,3999,Prywatne,Złoty,2023-08-09 10:29,2023-08-08 00:00,https://www.olx.pl/d/oferta/nowy-iphone-13-pro-128gb-gold-gwarancja-CID99-IDWNHXt.html
NOWY iPhone 14 PRO 256GB 5G GOLD + GRATISY Warszawa,iPhone 14 Pro,256,Nowe,5299,Prywatne,Złoty,2023-08-09 10:29,2023-08-08 00:00,https://www.olx.pl/d/oferta/nowy-iphone-14-pro-256gb-5g-gold-gratisy-warszawa-CID99-IDW89Jm.html
iPhone 14 pro 128 gb silver 24 Msc. GW. Bez rat.,iPhone 14 Pro,128,Nowe,4749,Firmowe,Srebrny,2023-08-09 10:29,2023-08-08 00:00,https://www.olx.pl/d/oferta/iphone-14-pro-128-gb-silver-24-msc-gw-bez-rat-CID99-IDWJtvS.html
Apple iPhone 13 Pro 128 GB Sierra Blue nowy,iPhone 13 Pro,128,Nowe,4500,Prywatne,Niebieski,2023-08-09 10:29,2023-08-08 00:00,https://www.olx.pl/d/oferta/apple-iphone-13-pro-128-gb-sierra-blue-nowy-CID99-IDWm4T5.html
iPhone 14 Pro 256gb,iPhone 14 Pro,256,Używane,4600,Prywatne,Czarny,2023-08-09 10:29,2023-08-08 00:00,https://www.olx.pl/d/oferta/iphone-14-pro-256gb-CID99-IDWNFM6.html
Iphone 14 pro 128 czarny NOWY NA FIRME,iPhone 14 Pro,128,Nowe,4400,Prywatne,Czarny,2023-08-09 10:29,2023-08-08 00:00,https://www.olx.pl/d/oferta/iphone-14-pro-128-czarny-nowy-na-firme-CID99-IDWNF6g.html
iPhone 13 Pro Silver + gwarancja,iPhone 13 Pro,128,Używane,3999,Firmowe,Srebrny,2023-08-09 10:29,2023-08-08 00:00,https://www.olx.pl/d/oferta/iphone-13-pro-silver-gwarancja-CID99-IDWNETW.html
Nowy fabrycznie zapakowany iPhone 14 PRO Space Black 256GB,iPhone 14 Pro,256,Nowe,5450,Prywatne,Czarny,2023-08-09 10:29,2023-08-08 00:00,https://www.olx.pl/d/oferta/nowy-fabrycznie-zapakowany-iphone-14-pro-space-black-256gb-CID99-IDUhpUH.html
HIT! iPhone 14 Pro 128GB Space Black / Gwarancja 24 msc / Raty0%,iPhone 14 Pro,128,Używane,4949,Firmowe,Czarny,2023-08-09 10:29,2023-08-08 00:00,https://www.olx.pl/d/oferta/hit-iphone-14-pro-128gb-space-black-gwarancja-24-msc-raty0-CID99-IDWNBzJ.html
iPhone 14 Pro 512 GB Space Black VAT 23%,iPhone 14 Pro,512,Nowe,5999,Prywatne,Czarny,2023-08-08 13:36,2023-08-07 00:00,https://www.olx.pl/d/oferta/iphone-14-pro-512-gb-space-black-vat-23-CID99-IDRhVVT.html
iPhone 14 Pro 128gb Czarny Złoty fioletowy Srebrny Żelazna 89 4700zł,iPhone 14 Pro,128,Nowe,4700,Firmowe,,2023-08-08 13:36,2023-08-07 00:00,https://www.olx.pl/d/oferta/iphone-14-pro-128gb-czarny-zloty-fioletowy-srebrny-zelazna-89-4700zl-CID99-IDWl3BT.html
Iphone 14 pro 128gb -SREBRNY  nowy nie rozpakowany. Zdowodem zakupu.,iPhone 14 Pro,128,Nowe,4700,Prywatne,Srebrny,2023-08-08 13:36,2023-08-07 00:00,https://www.olx.pl/d/oferta/iphone-14-pro-128gb-srebrny-nowy-nie-rozpakowany-zdowodem-zakupu-CID99-IDWMM4P.html
Iphone 14pro 256GB,iPhone 14 Pro,,Używane,4000,Prywatne,Biały,2023-08-08 13:36,2023-08-08 11:25,https://www.olx.pl/d/oferta/iphone-14pro-256gb-CID99-IDWNfUz.html
iPhone 13 Pro Sierra Blue,iPhone 13 Pro,128,Nowe,4899,Firmowe,Niebieski,2023-08-08 13:36,2023-08-08 11:22,https://www.olx.pl/d/oferta/iphone-13-pro-sierra-blue-CID99-IDWNfE3.html
IPhone 14 pro silver 128 gb używany przez kobietę,iPhone 14 Pro,128,Używane,4700,Prywatne,Srebrny,2023-08-08 13:36,2023-08-08 11:05,https://www.olx.pl/d/oferta/iphone-14-pro-silver-128-gb-uzywany-przez-kobiete-CID99-IDWhxF6.html
Nowy IPhone 14 Pro 256gb Space Black gw12mc,iPhone 14 Pro,256,Nowe,4800,Prywatne,Czarny,2023-08-08 13:36,2023-08-08 10:51,https://www.olx.pl/d/oferta/nowy-iphone-14-pro-256gb-space-black-gw12mc-CID99-IDWK5z6.html
"Nowy IPhone 13pro, niebieski",iPhone 13 Pro,,Nowe,5500,Prywatne,,2023-08-08 13:36,2023-08-08 10:44,https://www.olx.pl/d/oferta/nowy-iphone-13pro-niebieski-CID99-IDOic9A.html
iPhone 14 Pro 128 GB bateria 100%,iPhone 14 Pro,128,Używane,4200,Prywatne,Fioletowy,2023-08-08 13:36,2023-08-08 09:54,https://www.olx.pl/d/oferta/iphone-14-pro-128-gb-bateria-100-CID99-IDWJ2Mh.html
Sklep iPhone 14 Pro 256gb Purple bateria 100% gwar prod,iPhone 14 Pro,,Używane,5649,Firmowe,,2023-08-08 13:36,2023-08-08 09:45,https://www.olx.pl/d/oferta/sklep-iphone-14-pro-256gb-purple-bateria-100-gwar-prod-CID99-IDTtBuY.html
**HIT**iPhone 14 Pro 128 GB Deep Purple/ Gwarancja 24 mc/ Raty 0%,iPhone 14 Pro,128,Używane,4949,Firmowe,Czarny,2023-08-08 13:36,2023-08-08 09:20,https://www.olx.pl/d/oferta/hitiphone-14-pro-128-gb-deep-purple-gwarancja-24-mc-raty-0-CID99-IDWN6EW.html
Sklep iPhone 13 Pro 128gb graphite bateria 100% gwar prod,iPhone 13 Pro,,Używane,4399,Firmowe,,2023-08-08 13:36,2023-08-08 09:16,https://www.olx.pl/d/oferta/sklep-iphone-13-pro-128gb-graphite-bateria-100-gwar-prod-CID99-IDSXVYP.html
Jak Nowy Apple iPhone 13 Pro 256GB Silver Gwarancja,iPhone 13 Pro,,Używane,4099,Firmowe,,2023-08-08 13:36,2023-08-08 09:13,https://www.olx.pl/d/oferta/jak-nowy-apple-iphone-13-pro-256gb-silver-gwarancja-CID99-IDTYwvZ.html
iPhone 13 pro 128gb stan bardzo dobry Szczecin,iPhone 13 Pro,128,Używane,3500,Prywatne,Czarny,2023-08-08 13:36,2023-08-01 00:00,https://www.olx.pl/d/oferta/iphone-13-pro-128gb-stan-bardzo-dobry-szczecin-CID99-IDWbDXG.html
"iPhone 13 Pro 1TB, Stan IDELANY",iPhone 13 Pro,Inna,Używane,4100,Prywatne,Czarny,2023-08-08 13:36,2023-08-05 00:00,https://www.olx.pl/d/oferta/iphone-13-pro-1tb-stan-idelany-CID99-IDWELFF.html
iPhone 13 Pro 128 GB Gold. Bateria 97%. Gwarancja 12 miesięcy.,iPhone 13 Pro,128,Używane,3800,Firmowe,,2023-08-08 13:36,2023-08-07 00:00,https://www.olx.pl/d/oferta/iphone-13-pro-128-gb-gold-bateria-97-gwarancja-12-miesiecy-CID99-IDWLPnM.html
Apple IPhone 14 Pro 512 GB Gwiezdna Czerń Nówka,iPhone 14 Pro,512,Nowe,5900,Prywatne,Czarny,2023-08-08 13:36,2023-08-08 08:48,https://www.olx.pl/d/oferta/apple-iphone-14-pro-512-gb-gwiezdna-czern-nowka-CID99-IDWN4ku.html
IPhone 14 Pro telefon NOWY,iPhone 14 Pro,128,Nowe,5300,Prywatne,Biały,2023-08-08 13:36,2023-08-08 08:27,https://www.olx.pl/d/oferta/iphone-14-pro-telefon-nowy-CID99-IDWN34q.html
IPhone 13 Pro 256 Gb stan idealny gwarancja,iPhone 13 Pro,,Używane,4200,Prywatne,,2023-08-08 13:36,2023-08-08 08:20,https://www.olx.pl/d/oferta/iphone-13-pro-256-gb-stan-idealny-gwarancja-CID99-IDTtoWk.html
iPhone 14 pro złoty 128,iPhone 14 Pro,128,Nowe,4600,Prywatne,Złoty,2023-08-08 13:36,2023-08-08 08:20,https://www.olx.pl/d/oferta/iphone-14-pro-zloty-128-CID99-IDWN2DR.html
iPhone 13 PRO - 128 GB,iPhone 13 Pro,128,Używane,4099,Prywatne,Szary,2023-08-08 13:36,2023-08-08 08:14,https://www.olx.pl/d/oferta/iphone-13-pro-128-gb-CID99-IDWN2j8.html
iPhone 14 pro gold,iPhone 14 Pro,Inna,Nowe,4790,Prywatne,Czarny,2023-08-08 13:36,2023-08-08 08:12,https://www.olx.pl/d/oferta/iphone-14-pro-gold-CID99-IDWN2es.html
iPhone 14 PRO NOWY,iPhone 14 Pro,128,Nowe,4700,Prywatne,Srebrny,2023-08-08 13:36,2023-08-08 07:56,https://www.olx.pl/d/oferta/iphone-14-pro-nowy-CID99-IDWN1rE.html
Iphone 14 Pro 512GB Space Black --- RTV Euro AGD ---,iPhone 14 Pro,512,Nowe,6000,Prywatne,,2023-08-08 13:36,2023-08-08 07:52,https://www.olx.pl/d/oferta/iphone-14-pro-512gb-space-black-rtv-euro-agd-CID99-IDU9LEe.html
Apple iPhone 14 Pro 256GB Srebrny Gwarancja 12m,iPhone 14 Pro,256,Nowe,5580,Firmowe,,2023-08-08 13:36,2023-08-08 07:29,https://www.olx.pl/d/oferta/apple-iphone-14-pro-256gb-srebrny-gwarancja-12m-CID99-IDTAr3l.html
iPhone 13 pro na sprzedaż,iPhone 13 Pro,Inna,Używane,3700,Prywatne,Szary,2023-08-08 13:36,2023-08-08 07:18,https://www.olx.pl/d/oferta/iphone-13-pro-na-sprzedaz-CID99-IDWMZB6.html
iPhone 13 Pro 128gb Sklep Warszawa Gwarancja 12 miesięcy,iPhone 13 Pro,,Używane,3599,Firmowe,,2023-08-08 13:36,2023-07-24 00:00,https://www.olx.pl/d/oferta/iphone-13-pro-128gb-sklep-warszawa-gwarancja-12-miesiecy-CID99-IDSpFaV.html
"Apple iPhone 14 Pro Gold, Purple fioletowy Space Black I Silver Zabrze",iPhone 14 Pro,128,Nowe,4699,Firmowe,Fioletowy,2023-08-08 13:36,2023-07-17 00:00,https://www.olx.pl/d/oferta/apple-iphone-14-pro-gold-purple-fioletowy-space-black-i-silver-zabrze-CID99-IDSjZOl.html
iPhone 13 Pro 128 GB,iPhone 13 Pro,128,Używane,3950,Prywatne,Niebieski,2023-08-08 13:36,2023-07-24 00:00,https://www.olx.pl/d/oferta/iphone-13-pro-128-gb-CID99-IDWzdYg.html
IPhone 14 pro Nowy. iphone 256GB,iPhone 14 Pro,256,Nowe,5000,Prywatne,Fioletowy,2023-08-08 13:36,2023-08-08 07:05,https://www.olx.pl/d/oferta/iphone-14-pro-nowy-iphone-256gb-CID99-IDWMZ1C.html
Iphone 14 Pro 128 srebrny jak Nowy,iPhone 14 Pro,128,Używane,4500,Prywatne,,2023-08-08 13:36,2023-08-08 06:56,https://www.olx.pl/d/oferta/iphone-14-pro-128-srebrny-jak-nowy-CID99-IDWMYEf.html
Nowy iPhone 14 Pro 128 Deep Purple iDream Apple,iPhone 14 Pro,128,Nowe,4800,Prywatne,Fioletowy,2023-08-08 13:36,2023-08-08 06:44,https://www.olx.pl/d/oferta/nowy-iphone-14-pro-128-deep-purple-idream-apple-CID99-IDWMYcd.html
Sprzedam iPhone 13 Pro Gold Jak Nowy,iPhone 13 Pro,128,Używane,3700,Prywatne,Złoty,2023-08-08 13:36,2023-08-08 05:09,https://www.olx.pl/d/oferta/sprzedam-iphone-13-pro-gold-jak-nowy-CID99-IDWMWQI.html
iPhone 14 Pro 512 GB Space Black Nowy!,iPhone 14 Pro,512,Nowe,5800,Prywatne,Czarny,2023-08-08 13:36,2023-08-08 05:04,https://www.olx.pl/d/oferta/iphone-14-pro-512-gb-space-black-nowy-CID99-IDWnw24.html
Iphone 12 pro 256 GB,iPhone 14 Pro,256,Używane,2699,Prywatne,Szary,2023-08-08 13:36,2023-08-08 04:46,https://www.olx.pl/d/oferta/iphone-12-pro-256-gb-CID99-IDWMWxG.html
Apple iPhone 14 Pro 6/128GB 5G Czarny(Space Black),iPhone 14 Pro,128,Nowe,4800,Prywatne,Czarny,2023-08-08 13:36,2023-08-08 01:08,https://www.olx.pl/d/oferta/apple-iphone-14-pro-6-128gb-5g-czarnyspace-black-CID99-IDWINpO.html
iPhone 14 Pro 128GB *nowy* *2 kolory*,iPhone 14 Pro,128,Nowe,4599,Prywatne,,2023-08-08 13:36,2023-08-07 00:00,https://www.olx.pl/d/oferta/iphone-14-pro-128gb-nowy-2-kolory-CID99-IDWiSjC.html
iPhone 13 pro 128GB Sierra Blue Kraków Krakowska 4 Sklep Mamy Go !,iPhone 13 Pro,256,Nowe,4399,Firmowe,Niebieski,2023-08-08 13:36,2023-08-07 00:00,https://www.olx.pl/d/oferta/iphone-13-pro-128gb-sierra-blue-krakow-krakowska-4-sklep-mamy-go-CID99-IDMem37.html
Nowy iPhone 14 pro gratis oryginalny case !,iPhone 14 Pro,128,Nowe,4000,Prywatne,Srebrny,2023-08-08 13:36,2023-08-07 00:00,https://www.olx.pl/d/oferta/nowy-iphone-14-pro-gratis-oryginalny-case-CID99-IDWMS4n.html
iPhone 14 PRO GOLD 256GB NOWY,iPhone 14 Pro,256,Nowe,5290,Prywatne,Złoty,2023-08-08 13:36,2023-08-07 00:00,https://www.olx.pl/d/oferta/iphone-14-pro-gold-256gb-nowy-CID99-IDWDNwN.html
iPhone 14 Pro 128GB SKLEP AL Jana Pawła II,iPhone 14 Pro,128,Nowe,4650,Firmowe,Srebrny,2023-08-08 13:36,2023-08-01 00:00,https://www.olx.pl/d/oferta/iphone-14-pro-128gb-sklep-al-jana-pawla-ii-CID99-IDWijMK.html
Iphone 13 pro 1TB kolory Kraków ul.krakowska 4 Sklep GSM dostępne !,iPhone 13 Pro,Inna,Nowe,5499,Firmowe,,2023-08-08 13:36,2023-08-07 00:00,https://www.olx.pl/d/oferta/iphone-13-pro-1tb-kolory-krakow-ul-krakowska-4-sklep-gsm-dostepne-CID99-IDRANhH.html
"iPhone 13 Pro 128 GB, czarny, stan bdb, bateria 91%",iPhone 13 Pro,128,Używane,3000,Prywatne,Czarny,2023-08-08 13:36,2023-08-07 00:00,https://www.olx.pl/d/oferta/iphone-13-pro-128-gb-czarny-stan-bdb-bateria-91-CID99-IDWMRCA.html
iPhone 13 Pro 128Gb idealny zero rys szło etui magsafe,iPhone 13 Pro,128,Używane,3600,Prywatne,Srebrny,2023-08-08 13:36,2023-08-07 00:00,https://www.olx.pl/d/oferta/iphone-13-pro-128gb-idealny-zero-rys-szlo-etui-magsafe-CID99-IDWMRte.html
Telefon iPhone 13 Pro 128GB POLECAM,iPhone 13 Pro,128,Używane,3799,Prywatne,Czarny,2023-08-08 13:36,2023-08-07 00:00,https://www.olx.pl/d/oferta/telefon-iphone-13-pro-128gb-polecam-CID99-IDWMPeQ.html
Iphone 14 pro GOLD 256GB JAK NOWY! gwarancja!,iPhone 14 Pro,256,Używane,4500,Prywatne,Złoty,2023-08-08 13:36,2023-08-07 00:00,https://www.olx.pl/d/oferta/iphone-14-pro-gold-256gb-jak-nowy-gwarancja-CID99-IDWMOBt.html
iPhone 14 PRO 128GB,iPhone 14 Pro,128,Nowe,4500,Prywatne,Czarny,2023-08-08 13:36,2023-08-07 00:00,https://www.olx.pl/d/oferta/iphone-14-pro-128gb-CID99-IDWMNUg.html
iPhone 13 pro 128 gb,iPhone 13 Pro,128,Używane,3200,Prywatne,Niebieski,2023-08-08 13:36,2023-08-07 00:00,https://www.olx.pl/d/oferta/iphone-13-pro-128-gb-CID99-IDWMMC9.html
Apple iPhone 13 Pro 128GB Graphite - jak NOWY,iPhone 13 Pro,128,Używane,3750,Prywatne,Szary,2023-08-08 13:36,2023-08-07 00:00,https://www.olx.pl/d/oferta/apple-iphone-13-pro-128gb-graphite-jak-nowy-CID99-IDWMMh6.html
iPhone 14 Pro 256 gb,iPhone 14 Pro,256,Nowe,5500,Prywatne,,2023-08-08 13:36,2023-08-07 00:00,https://www.olx.pl/d/oferta/iphone-14-pro-256-gb-CID99-IDUU0eP.html
iPhone 14Pro Polecam,iPhone 14 Pro,128,Nowe,4500,Prywatne,Czarny,2023-08-09 14:31,2023-08-02 00:00,https://www.olx.pl/d/oferta/iphone-14pro-polecam-CID99-IDWHmfV.html
iPhone 14 PRO NOWY,iPhone 14 Pro,128,Nowe,4600,Prywatne,Czarny,2023-08-09 14:31,2023-08-07 00:00,https://www.olx.pl/d/oferta/iphone-14-pro-nowy-CID99-IDWCZVt.html
"Sprzedam iPhone 13pro, 256GB, Graphite idealny stan",iPhone 13 Pro,256,Używane,3500,Firmowe,Szary,2023-08-09 14:31,2023-08-09 12:14,https://www.olx.pl/d/oferta/sprzedam-iphone-13pro-256gb-graphite-idealny-stan-CID99-IDWOn1f.html
Iphone 14Pro 1Tb,iPhone 14 Pro,Inna,Nowe,6500,Prywatne,Szary,2023-08-09 14:31,2023-08-09 12:14,https://www.olx.pl/d/oferta/iphone-14pro-1tb-CID99-IDWOnov.html
iPhone 13 pro 256 GB,iPhone 13 Pro,256,Używane,3700,Prywatne,Biały,2023-08-09 14:31,2023-08-09 12:01,https://www.olx.pl/d/oferta/iphone-13-pro-256-gb-CID99-IDW1O19.html
Iphone 13 Pro 256gb,iPhone 13 Pro,256,Używane,3299,Prywatne,Złoty,2023-08-09 14:31,2023-08-09 11:53,https://www.olx.pl/d/oferta/iphone-13-pro-256gb-CID99-IDWOlmT.html
Iphone 14 pro 128 GB,iPhone 14 Pro,128,Nowe,4500,Prywatne,Żółty,2023-08-09 14:31,2023-08-09 11:28,https://www.olx.pl/d/oferta/iphone-14-pro-128-gb-CID99-IDWOjDb.html
IPhone 14 pro 128GB Space Black,iPhone 14 Pro,128,Nowe,4600,Prywatne,Czarny,2023-08-09 14:31,2023-08-09 11:23,https://www.olx.pl/d/oferta/iphone-14-pro-128gb-space-black-CID99-IDWOjaa.html
Iphone 14 pro 128 GB.,iPhone 14 Pro,128,Nowe,4500,Prywatne,Czarny,2023-08-09 14:31,2023-08-09 11:22,https://www.olx.pl/d/oferta/iphone-14-pro-128-gb-CID99-IDWOj6n.html
"iPhone 14 Pro,Gold,256GB",iPhone 14 Pro,256,Używane,4400,Prywatne,Złoty,2023-08-09 14:31,2023-08-09 11:21,https://www.olx.pl/d/oferta/iphone-14-pro-gold-256gb-CID99-IDWOj3A.html
Apple iPhone 14 Pro 128GB Deep Purple Gold Silver Black Cieszyn,iPhone 14 Pro,128,Nowe,4599,Prywatne,Czarny,2023-08-09 14:31,2023-08-09 11:16,https://www.olx.pl/d/oferta/apple-iphone-14-pro-128gb-deep-purple-gold-silver-black-cieszyn-CID99-IDWOiwp.html
Apple Iphone 13 Pro 128gb Grafitowy Stan Idealny Bateria 89%,iPhone 13 Pro,128,Używane,3300,Prywatne,Szary,2023-08-09 14:31,2023-08-09 11:14,https://www.olx.pl/d/oferta/apple-iphone-13-pro-128gb-grafitowy-stan-idealny-bateria-89-CID99-IDWOiln.html
iPhone 14 pro 128gb Space Black,iPhone 14 Pro,128,Nowe,4499,Prywatne,Czarny,2023-08-09 14:31,2023-07-29 00:00,https://www.olx.pl/d/oferta/iphone-14-pro-128gb-space-black-CID99-IDWw2Ym.html
iPhone 14 pro Max 512gb Space Black + oryginalne etui,iPhone 14 Pro,512,Używane,5800,Prywatne,Czarny,2023-08-09 14:31,2023-08-09 11:09,https://www.olx.pl/d/oferta/iphone-14-pro-max-512gb-space-black-oryginalne-etui-CID99-IDWOhIq.html
I Phone 14 pro nowy,iPhone 14 Pro,,Nowe,4700,Prywatne,Czarny,2023-08-09 14:31,2023-08-09 10:52,https://www.olx.pl/d/oferta/i-phone-14-pro-nowy-CID99-IDWOgr3.html
iPhone 13 Pro 128 GB,iPhone 13 Pro,128,Używane,3600,Prywatne,Niebieski,2023-08-09 14:31,2023-08-09 10:51,https://www.olx.pl/d/oferta/iphone-13-pro-128-gb-CID99-IDWOgln.html
iPhone 13 pro gold,iPhone 13 Pro,128,Używane,3600,Prywatne,Złoty,2023-08-09 14:31,2023-08-09 10:50,https://www.olx.pl/d/oferta/iphone-13-pro-gold-CID99-IDWLQN4.html
iPhone 14 pro 128GB - nowy - gwiezdna szarość,iPhone 14 Pro,128,Nowe,4850,Prywatne,Czarny,2023-08-09 14:31,2023-08-09 10:45,https://www.olx.pl/d/oferta/iphone-14-pro-128gb-nowy-gwiezdna-szarosc-CID99-IDWvtee.html
IPhone 13 pro silver,iPhone 13 Pro,128,Używane,3400,Prywatne,Srebrny,2023-08-09 14:31,2023-08-09 10:45,https://www.olx.pl/d/oferta/iphone-13-pro-silver-CID99-IDWLQkG.html
Apple iPhone 13 Pro 128GB Kolor: Gold |Gwarancja|Sklep|Raty|,iPhone 13 Pro,128,Używane,3899,Firmowe,Złoty,2023-08-09 14:31,2023-08-09 10:36,https://www.olx.pl/d/oferta/apple-iphone-13-pro-128gb-kolor-gold-gwarancja-sklep-raty-CID99-IDWOf7D.html
"iPhone 14 pro 128gb ,stan jak nowy, gwarancja, ubudowa spigen gratis",iPhone 14 Pro,128,Używane,4599,Firmowe,Biały,2023-08-09 14:31,2023-08-09 10:32,https://www.olx.pl/d/oferta/iphone-14-pro-128gb-stan-jak-nowy-gwarancja-ubudowa-spigen-gratis-CID99-IDWOepu.html
HIT!! iPhone 13 Pro 128GB Gold/ Gwarancja 24 mies / Raty0%,iPhone 13 Pro,128,Używane,3899,Firmowe,Złoty,2023-08-09 14:31,2023-08-09 10:30,https://www.olx.pl/d/oferta/hit-iphone-13-pro-128gb-gold-gwarancja-24-mies-raty0-CID99-IDWOeMp.html
"iPhone 14 Pro 128GB 6.1'' Głęboka purpura, Stan idealny bateria 100%",iPhone 14 Pro,128,Używane,4500,Prywatne,Fioletowy,2023-08-09 14:31,2023-08-06 00:00,https://www.olx.pl/d/oferta/iphone-14-pro-128gb-6-1-gleboka-purpura-stan-idealny-bateria-100-CID99-IDWLn81.html
iPhone 13 Pro 256 GB Graphite 93% kondycji baterii • GWARANCJA •,iPhone 13 Pro,256,Używane,3799,Firmowe,Czarny,2023-08-09 14:31,2023-08-09 10:25,https://www.olx.pl/d/oferta/iphone-13-pro-256-gb-graphite-93-kondycji-baterii-gwarancja-CID99-IDWOe5l.html
Nowy iPhone 14 pro 512 GB Space black,iPhone 14 Pro,512,Nowe,5999,Prywatne,,2023-08-09 14:31,2023-08-09 10:11,https://www.olx.pl/d/oferta/nowy-iphone-14-pro-512-gb-space-black-CID99-IDWmrmV.html
iPhone 13 Pro - 256 GB / Graphite / A2638 / stan 5-/5,iPhone 13 Pro,256,Używane,3300,Prywatne,Szary,2023-08-09 14:31,2023-08-09 10:10,https://www.olx.pl/d/oferta/iphone-13-pro-256-gb-graphite-a2638-stan-5-5-CID99-IDWLC1d.html
iPhone 14 Pro 128GB Space Black,iPhone 14 Pro,128,Używane,4300,Prywatne,,2023-08-09 14:31,2023-08-09 10:07,https://www.olx.pl/d/oferta/iphone-14-pro-128gb-space-black-CID99-IDWOcGu.html
"iPhone 14 Pro, 128 GB, Space Black, stan idealny, kupiony 05.2023 r.",iPhone 14 Pro,128,Używane,4199,Prywatne,Czarny,2023-08-09 14:31,2023-08-09 09:48,https://www.olx.pl/d/oferta/iphone-14-pro-128-gb-space-black-stan-idealny-kupiony-05-2023-r-CID99-IDWOb1r.html
APPLE iPhone 13 PRO Gold 256GB 4700zł Złote Tarasy,iPhone 13 Pro,256,Nowe,4700,Firmowe,Złoty,2023-08-09 14:31,2023-08-09 09:43,https://www.olx.pl/d/oferta/apple-iphone-13-pro-gold-256gb-4700zl-zlote-tarasy-CID99-IDPCvVN.html
Iphone 14pro 128gb nowy kolor czarny,iPhone 14 Pro,128,Nowe,4999,Prywatne,Czarny,2023-08-09 14:31,2023-08-09 09:40,https://www.olx.pl/d/oferta/iphone-14pro-128gb-nowy-kolor-czarny-CID99-IDWOaij.html
Dostępny iPhone 14 Pro 128GB Purple 4750zł Złote Tarasy,iPhone 14 Pro,128,Nowe,4750,Firmowe,Fioletowy,2023-08-09 14:31,2023-08-09 09:36,https://www.olx.pl/d/oferta/dostepny-iphone-14-pro-128gb-purple-4750zl-zlote-tarasy-CID99-IDSf6iZ.html
"iPhone 14 Pro 128gb, NOWY, 24msc gwarancja, Silver",iPhone 14 Pro,128,Nowe,4850,Prywatne,Srebrny,2023-08-09 14:31,2023-08-09 09:31,https://www.olx.pl/d/oferta/iphone-14-pro-128gb-nowy-24msc-gwarancja-silver-CID99-IDWO9yV.html
APPLE IPHONE 13 PRO 256GB | GWAR 24msc | Klasa A+,iPhone 13 Pro,256,Używane,3999,Firmowe,,2023-08-09 14:31,2023-07-15 00:00,https://www.olx.pl/d/oferta/apple-iphone-13-pro-256gb-gwar-24msc-klasa-a-CID99-IDTEghR.html
Apple iPhone 14 Pro 128GB oraz 256  wszystkie kolory Lublin,iPhone 14 Pro,128,Nowe,4649,Firmowe,,2023-08-09 14:31,2023-08-09 09:25,https://www.olx.pl/d/oferta/apple-iphone-14-pro-128gb-oraz-256-wszystkie-kolory-lublin-CID99-IDJnvdv.html
Apple Iphone 14 pro 256gb Space black gw prod. ideał bat 99%,iPhone 14 Pro,256,Używane,4750,Firmowe,Czarny,2023-08-09 14:31,2023-08-09 09:22,https://www.olx.pl/d/oferta/apple-iphone-14-pro-256gb-space-black-gw-prod-ideal-bat-99-CID99-IDW68G8.html
Dostępny iPhone 14 PRO 128GB Gold 4650zł Złote Tarasy,iPhone 14 Pro,128,Nowe,4650,Firmowe,Złoty,2023-08-09 14:31,2023-08-09 09:22,https://www.olx.pl/d/oferta/dostepny-iphone-14-pro-128gb-gold-4650zl-zlote-tarasy-CID99-IDSE9X7.html
iPhone 14 PRO 256GB Silver Gold Purple Black Złote Tarasy,iPhone 14 Pro,256,Nowe,5200,Firmowe,,2023-08-09 14:31,2023-08-09 09:17,https://www.olx.pl/d/oferta/iphone-14-pro-256gb-silver-gold-purple-black-zlote-tarasy-CID99-IDSJYAM.html
iPhone 14 Pro 128GB NOWY,iPhone 14 Pro,128,Nowe,4200,Prywatne,Czarny,2023-08-09 14:31,2023-08-09 09:15,https://www.olx.pl/d/oferta/iphone-14-pro-128gb-nowy-CID99-IDWO8og.html
APPLE PHONE 13 PRO 128GB | GWAR 24ms | FAKTURA VAT 23% | klasa A+,iPhone 13 Pro,,Używane,4099,Firmowe,,2023-08-09 14:31,2023-08-09 09:08,https://www.olx.pl/d/oferta/apple-phone-13-pro-128gb-gwar-24ms-faktura-vat-23-klasa-a-CID99-IDTAKrN.html
APPLE IPHONE 13 PRO 128GB | GWAR 24msc  | Klasa A+,iPhone 13 Pro,128,Używane,3799,Firmowe,,2023-08-09 14:31,2023-08-09 09:08,https://www.olx.pl/d/oferta/apple-iphone-13-pro-128gb-gwar-24msc-klasa-a-CID99-IDRS6gT.html
iPhone 14 Pro 128GB Black/Purple/Gold/Silver Kraków ul.krakowska 4,iPhone 14 Pro,128,Nowe,4699,Firmowe,,2023-08-09 14:31,2023-08-09 09:01,https://www.olx.pl/d/oferta/iphone-14-pro-128gb-black-purple-gold-silver-krakow-ul-krakowska-4-CID99-IDRetCd.html
Sprzedam IPhone 14 Pro 128gb,iPhone 14 Pro,128,Używane,4200,Prywatne,Czarny,2023-08-09 14:31,2023-08-09 08:56,https://www.olx.pl/d/oferta/sprzedam-iphone-14-pro-128gb-CID99-IDWO6UY.html
"iPhone 14 Pro 128GB Silver zaplombowany, bez blokad i rat",iPhone 14 Pro,128,Nowe,4999,Firmowe,Srebrny,2023-08-09 14:31,2023-08-09 08:44,https://www.olx.pl/d/oferta/iphone-14-pro-128gb-silver-zaplombowany-bez-blokad-i-rat-CID99-IDWO5Uf.html
"iPhone 14 PRO 512GB Gold, Purple, Black, Silver PL Dystrybucja GW W-wa",iPhone 14 Pro,512,Nowe,6300,Firmowe,,2023-08-09 15:23,2023-07-17 00:00,https://www.olx.pl/d/oferta/iphone-14-pro-512gb-gold-purple-black-silver-pl-dystrybucja-gw-w-wa-CID99-IDQViwZ.html
Iphone 13 pro stan idealny,iPhone 13 Pro,128,Używane,3500,Prywatne,Zielony,2023-08-09 15:23,2023-08-09 13:17,https://www.olx.pl/d/oferta/iphone-13-pro-stan-idealny-CID99-IDWzpxB.html
SmartSPOT! iPhone 13 Pro Graphite 128GB GB / Gwarancja / Raty 0%,iPhone 13 Pro,128,Używane,3899,Firmowe,Czarny,2023-08-09 15:23,2023-08-09 13:08,https://www.olx.pl/d/oferta/smartspot-iphone-13-pro-graphite-128gb-gb-gwarancja-raty-0-CID99-IDWOu03.html
iPhone 13 Pro 256 GB Biały,iPhone 13 Pro,,Używane,4399,Prywatne,,2023-08-09 15:23,2023-08-09 13:04,https://www.olx.pl/d/oferta/iphone-13-pro-256-gb-bialy-CID99-IDTzzol.html
APPLE IPHONE 14 PRO 128GB Silver Poznań Długa 14,iPhone 14 Pro,128,Nowe,4599,Firmowe,Srebrny,2023-08-09 15:23,2023-08-09 12:54,https://www.olx.pl/d/oferta/apple-iphone-14-pro-128gb-silver-poznan-dluga-14-CID99-IDRAj3W.html
iPhone 13 pro 128GB jak nowy !!,iPhone 13 Pro,128,Używane,3600,Prywatne,Niebieski,2023-08-09 15:23,2023-08-09 12:47,https://www.olx.pl/d/oferta/iphone-13-pro-128gb-jak-nowy-CID99-IDWOr0H.html
iPhone 13 Pro Blue 128 GB,iPhone 13 Pro,128,Używane,3600,Prywatne,,2023-08-09 15:23,2023-08-09 12:39,https://www.olx.pl/d/oferta/iphone-13-pro-blue-128-gb-CID99-IDUUnah.html
"iPhone 13 PRO, blue",iPhone 13 Pro,256,Używane,2500,Firmowe,Niebieski,2023-08-09 15:23,2023-08-09 12:31,https://www.olx.pl/d/oferta/iphone-13-pro-blue-CID99-IDWOoM2.html
IPHONE 14 PRO Biały Srebrny 128GB gwarancja jak nowy silver 12 13,iPhone 14 Pro,128,Używane,4499,Prywatne,Srebrny,2023-08-09 15:23,2023-08-09 12:30,https://www.olx.pl/d/oferta/iphone-14-pro-bialy-srebrny-128gb-gwarancja-jak-nowy-silver-12-13-CID99-IDWOp7t.html
IPhone 14 Pro Deep Purple 128 GB,iPhone 14 Pro,128,Nowe,4800,Prywatne,Fioletowy,2023-08-09 15:23,2023-08-05 00:00,https://www.olx.pl/d/oferta/iphone-14-pro-deep-purple-128-gb-CID99-IDWJNI9.html
Apple iPhone 14 Pro 256GB Gold,iPhone 14 Pro,256,Nowe,5049,Firmowe,Złoty,2023-08-09 15:23,2023-07-20 00:00,https://www.olx.pl/d/oferta/apple-iphone-14-pro-256gb-gold-CID99-IDWwJMp.html
APPLE IPHONE 14 PRO 512GB | GWAR 24msc | Klasa A+,iPhone 14 Pro,512,Używane,6799,Firmowe,,2023-08-09 15:23,2023-07-18 00:00,https://www.olx.pl/d/oferta/apple-iphone-14-pro-512gb-gwar-24msc-klasa-a-CID99-IDWtlGp.html
iPhone 13 Pro 128gb BATERIA 100% Sklep Warszawa Gwarancja 12 miesięcy,iPhone 13 Pro,128,Używane,3999,Firmowe,,2023-08-09 15:23,2023-07-17 00:00,https://www.olx.pl/d/oferta/iphone-13-pro-128gb-bateria-100-sklep-warszawa-gwarancja-12-miesiecy-CID99-IDW0xtz.html
"iPhone 13 Pro 128GB złoty, stan bdb, komplet, gwarancja",iPhone 13 Pro,128,Używane,4249,Firmowe,,2023-08-09 15:23,2023-07-21 00:00,https://www.olx.pl/d/oferta/iphone-13-pro-128gb-zloty-stan-bdb-komplet-gwarancja-CID99-IDUGrAt.html
Apple  iPhone 14 Pro 128GB Space Black,iPhone 14 Pro,128,Używane,4299,Firmowe,Czarny,2023-08-09 15:23,2023-07-27 00:00,https://www.olx.pl/d/oferta/apple-iphone-14-pro-128gb-space-black-CID99-IDWC2BB.html
Apple  iPhone 14 Pro 128GB Gold,iPhone 14 Pro,128,Używane,4299,Firmowe,Złoty,2023-08-09 15:08,2023-07-27 00:00,https://www.olx.pl/d/oferta/apple-iphone-14-pro-128gb-gold-CID99-IDWC20h.html
Apple iPhone 14 Pro 256GB Deep Purple,iPhone 14 Pro,256,Nowe,5049,Firmowe,Fioletowy,2023-08-09 15:08,2023-07-22 00:00,https://www.olx.pl/d/oferta/apple-iphone-14-pro-256gb-deep-purple-CID99-IDWxnoD.html
APPLE IPHONE 14 PRO 256GB | GWAR 24msc | Klasa A+,iPhone 14 Pro,256,Używane,5699,Firmowe,,2023-08-09 15:08,2023-07-18 00:00,https://www.olx.pl/d/oferta/apple-iphone-14-pro-256gb-gwar-24msc-klasa-a-CID99-IDWtlCT.html
iPhone 14 pro 128gb iSpot,iPhone 14 Pro,128,Używane,4250,Prywatne,Czarny,2023-08-09 15:08,2023-08-04 00:00,https://www.olx.pl/d/oferta/iphone-14-pro-128gb-ispot-CID99-IDWu4W9.html
IPhone 14 Pro! Space Grey! Jak nowy! Gwarancja! Gratisy!,iPhone 14 Pro,128,Używane,4599,Prywatne,Czarny,2023-08-09 15:08,2023-08-07 00:00,https://www.olx.pl/d/oferta/iphone-14-pro-space-grey-jak-nowy-gwarancja-gratisy-CID99-IDWMeLc.html
Iphone 14 pro 128GB   NOWY!!! Galeria Połaniecka Sklep MOBITEL,iPhone 14 Pro,128,Nowe,4749,Firmowe,,2023-08-09 15:08,2023-08-07 00:00,https://www.olx.pl/d/oferta/iphone-14-pro-128gb-nowy-galeria-polaniecka-sklep-mobitel-CID99-IDSF2UZ.html
iPhone 13 Pro 128 GB zielony// Stan bardzo dobry,iPhone 13 Pro,,Używane,3400,Prywatne,Zielony,2023-08-09 15:32,2023-08-02 00:00,https://www.olx.pl/d/oferta/iphone-13-pro-128-gb-zielony-stan-bardzo-dobry-CID99-IDWHtzN.html
"iPhone 14 PRO 128GB Gold, Purple, Black, Silver PL Dystrybucja GW W-wa",iPhone 14 Pro,128,Nowe,4700,Firmowe,,2023-08-09 15:32,2023-07-17 00:00,https://www.olx.pl/d/oferta/iphone-14-pro-128gb-gold-purple-black-silver-pl-dystrybucja-gw-w-wa-CID99-IDQVii2.html
iPhone 13 Pro 128 Gb Sierra Blue. Bateria 97%. Gwarancja 12 miesięcy.,iPhone 13 Pro,128,Używane,3800,Firmowe,,2023-08-09 15:32,2023-08-07 00:00,https://www.olx.pl/d/oferta/iphone-13-pro-128-gb-sierra-blue-bateria-97-gwarancja-12-miesiecy-CID99-IDWLP18.html
 iPhone 13 Pro 256GB Graphite Gwarancja Idealny Faktura Kielce,iPhone 13 Pro,256,Używane,3899,Firmowe,Szary,2023-08-09 15:32,2023-07-18 00:00,https://www.olx.pl/d/oferta/iphone-13-pro-256gb-graphite-gwarancja-idealny-faktura-kielce-CID99-IDWtGZq.html
Apple iPhone 14 Pro 256GB Gold Złoty Cieszny Firma,iPhone 14 Pro,256,Nowe,4999,Prywatne,Złoty,2023-08-09 15:40,2023-08-03 00:00,https://www.olx.pl/d/oferta/apple-iphone-14-pro-256gb-gold-zloty-cieszny-firma-CID99-IDWI77S.html
Iphone 13 pro / Gwarancja,iPhone 13 Pro,128,Używane,4199,Prywatne,Niebieski,2023-08-09 15:40,2023-08-09 13:26,https://www.olx.pl/d/oferta/iphone-13-pro-gwarancja-CID99-IDWOv3p.html
IPHONE 14 pro 256 silver Wroclaw\Legnica\Olesnica,iPhone 14 Pro,256,Nowe,5399,Prywatne,Srebrny,2023-08-09 15:40,2023-08-03 00:00,https://www.olx.pl/d/oferta/iphone-14-pro-256-silver-wroclaw-legnica-olesnica-CID99-IDWI9JR.html
Telefon Apple iPhone 13 PRO 128GB Złoty stan Idealny Toruń GW,iPhone 13 Pro,128,Używane,3599,Firmowe,Złoty,2023-08-09 15:40,2023-07-20 00:00,https://www.olx.pl/d/oferta/telefon-apple-iphone-13-pro-128gb-zloty-stan-idealny-torun-gw-CID99-IDW5cZT.html
Tel4u iPhone 14 Pro 128GB  Dluga 35,iPhone 14 Pro,128,Nowe,4699,Firmowe,,2023-08-09 15:40,2023-08-09 08:30,https://www.olx.pl/d/oferta/tel4u-iphone-14-pro-128gb-dluga-35-CID99-IDOSIJh.html
Apple iPhone 14 Pro 256GB Space Black,iPhone 14 Pro,256,Nowe,5049,Firmowe,Czarny,2023-08-09 15:40,2023-08-07 00:00,https://www.olx.pl/d/oferta/apple-iphone-14-pro-256gb-space-black-CID99-IDWwJzm.html
iPhone 13 pro 256 GB gwarancja Tortores,iPhone 13 Pro,256,Używane,3799,Firmowe,Biały,2023-08-09 15:40,2023-07-28 00:00,https://www.olx.pl/d/oferta/iphone-13-pro-256-gb-gwarancja-tortores-CID99-IDWDhuu.html
iPhone 13 Pro 128gb,iPhone 13 Pro,,Używane,4100,Prywatne,,2023-08-09 16:04,2023-08-09 13:55,https://www.olx.pl/d/oferta/iphone-13-pro-128gb-CID99-IDTzDJv.html
HIT! iPhone 13 Pro 128 GB Silver |gwarancja 2 LATA | raty 0%,iPhone 13 Pro,128,Używane,4199,Firmowe,,2023-08-09 16:04,2023-08-09 13:51,https://www.olx.pl/d/oferta/hit-iphone-13-pro-128-gb-silver-gwarancja-2-lata-raty-0-CID99-IDWOyt0.html
Iphone 14 Pro 512gb SPACE BLACK zaplombowany,iPhone 14 Pro,512,Nowe,5800,Firmowe,,2023-08-09 16:04,2023-08-09 13:49,https://www.olx.pl/d/oferta/iphone-14-pro-512gb-space-black-zaplombowany-CID99-IDU4Lj9.html
Nowy iPhone 14 Pro 128 GB Złoty Gold,iPhone 14 Pro,128,Nowe,4700,Prywatne,Złoty,2023-08-09 16:04,2023-08-09 13:48,https://www.olx.pl/d/oferta/nowy-iphone-14-pro-128-gb-zloty-gold-CID99-IDWOy5k.html
iPhone 13 Pro 128 GB Sierra Blue. Gwarancja 12 miesięcy.,iPhone 13 Pro,128,Używane,3800,Firmowe,,2023-08-09 16:04,2023-08-09 13:45,https://www.olx.pl/d/oferta/iphone-13-pro-128-gb-sierra-blue-gwarancja-12-miesiecy-CID99-IDWOxPw.html
iPhone 13 Pro 128 GB Gold. Bateria 97%. Gwarancja 12 miesięcy.,iPhone 13 Pro,128,Używane,3800,Firmowe,,2023-08-09 16:04,2023-08-09 13:42,https://www.olx.pl/d/oferta/iphone-13-pro-128-gb-gold-bateria-97-gwarancja-12-miesiecy-CID99-IDWOxAE.html
iPhone 13 Pro 256GB Sierra Blue 88%,iPhone 13 Pro,256,Używane,3650,Prywatne,Niebieski,2023-08-09 16:04,2023-08-09 13:40,https://www.olx.pl/d/oferta/iphone-13-pro-256gb-sierra-blue-88-CID99-IDWOxnF.html
Apple  iPhone 14 Pro 128GB Deep Purple,iPhone 14 Pro,128,Używane,4299,Firmowe,Fioletowy,2023-08-09 16:04,2023-07-27 00:00,https://www.olx.pl/d/oferta/apple-iphone-14-pro-128gb-deep-purple-CID99-IDWC2im.html
iPhone 13 Pro 128gb złoty gold stan idealny,iPhone 13 Pro,128,Używane,3900,Prywatne,Złoty,2023-08-09 16:04,2023-08-07 00:00,https://www.olx.pl/d/oferta/iphone-13-pro-128gb-zloty-gold-stan-idealny-CID99-IDWM1FH.html
iPhone 13 Pro (256 GB) - IDEALNY / Sierra Blue,iPhone 13 Pro,256,Używane,3599,Prywatne,Niebieski,2023-08-09 16:04,2023-08-08 00:00,https://www.olx.pl/d/oferta/iphone-13-pro-256-gb-idealny-sierra-blue-CID99-IDWNlQ2.html
iPhone 13 pro 128gb,iPhone 13 Pro,128,Używane,3850,Prywatne,,2023-08-09 16:18,2023-08-08 00:00,https://www.olx.pl/d/oferta/iphone-13-pro-128gb-CID99-IDTJ3LX.html
OKAZJA!!! iPhone 14 Pro 128GB Space Black / Gwarancja 24mies / Raty 0%,iPhone 14 Pro,128,Używane,4949,Firmowe,Czarny,2023-08-09 16:18,2023-08-09 14:10,https://www.olx.pl/d/oferta/okazja-iphone-14-pro-128gb-space-black-gwarancja-24mies-raty-0-CID99-IDWOAZa.html
iPhone 13 Pro Sierra Blue,iPhone 13 Pro,128,Używane,3250,Prywatne,Niebieski,2023-08-09 16:18,2023-08-09 14:06,https://www.olx.pl/d/oferta/iphone-13-pro-sierra-blue-CID99-IDWOAow.html
iPhone 14 pro nowy Deep Purple fioletowy,iPhone 14 Pro,128,Nowe,4700,Prywatne,Fioletowy,2023-08-09 16:18,2023-08-09 14:06,https://www.olx.pl/d/oferta/iphone-14-pro-nowy-deep-purple-fioletowy-CID99-IDWOAqy.html
Apple iPhone 14 Pro 128 GB fioletowy 100% bateria,iPhone 14 Pro,128,Używane,4400,Prywatne,Fioletowy,2023-08-09 16:18,2023-08-09 14:03,https://www.olx.pl/d/oferta/apple-iphone-14-pro-128-gb-fioletowy-100-bateria-CID99-IDW7Es5.html
iPhone 14 PRO 128GB 100% BATERIA,iPhone 14 Pro,128,Używane,4699,Firmowe,Fioletowy,2023-08-09 16:18,2023-08-09 13:59,https://www.olx.pl/d/oferta/iphone-14-pro-128gb-100-bateria-CID99-IDWkiiz.html
Nowy Apple iPhone 14 Pro 512GB Space Black Dual E-Sim,iPhone 14 Pro,512,Nowe,7100,Prywatne,,2023-08-09 16:18,2023-08-09 13:56,https://www.olx.pl/d/oferta/nowy-apple-iphone-14-pro-512gb-space-black-dual-e-sim-CID99-IDUfRqA.html
APPLE IPHONE 13 PRO 512GB | GWAR 24msc | Klasa A+,iPhone 13 Pro,512,Używane,4299,Firmowe,,2023-08-09 16:18,2023-07-18 00:00,https://www.olx.pl/d/oferta/apple-iphone-13-pro-512gb-gwar-24msc-klasa-a-CID99-IDWtjb1.html
iPhone 13 128GB Bardzo dobry stan,iPhone 13 Pro,128,Używane,2750,Prywatne,Czerwony,2023-08-09 16:18,2023-08-07 00:00,https://www.olx.pl/d/oferta/iphone-13-128gb-bardzo-dobry-stan-CID99-IDWMk0r.html
"iPhone 14 Pro Silver, gwarancja",iPhone 14 Pro,128,Nowe,4999,Firmowe,Srebrny,2023-08-09 16:18,2023-08-08 00:00,https://www.olx.pl/d/oferta/iphone-14-pro-silver-gwarancja-CID99-IDWNijB.html
IPhone 14 Pro Space Black 128GB,iPhone 14 Pro,128,Nowe,4800,Prywatne,Czarny,2023-08-09 16:18,2023-08-05 00:00,https://www.olx.pl/d/oferta/iphone-14-pro-space-black-128gb-CID99-IDWJNEK.html
"Apple iPhone 14 Pro 128GB Gold, Black, Silver, Purple, WisłaUstroń",iPhone 14 Pro,128,Nowe,4599,Firmowe,,2023-08-09 16:18,2023-07-20 00:00,https://www.olx.pl/d/oferta/apple-iphone-14-pro-128gb-gold-black-silver-purple-wislaustron-CID99-IDUUrZT.html
Iphone 14 Pro 256gb kolory Dluga 35,iPhone 14 Pro,256,Nowe,5099,Firmowe,,2023-08-10 08:18,2023-08-09 00:00,https://www.olx.pl/d/oferta/iphone-14-pro-256gb-kolory-dluga-35-CID99-IDRAWOX.html
"NOWY - НОВИЙ iPhone 14 Pro 128 GB-256 GB Czarny, Fioletowy 12 ms Gwar",iPhone 14 Pro,128,Nowe,4849,Firmowe,Czarny,2023-08-10 08:18,2023-08-08 00:00,https://www.olx.pl/d/oferta/nowy-iphone-14-pro-128-gb-256-gb-czarny-fioletowy-12-ms-gwar-CID99-IDWJ1xT.html
iPhone 14 PRO 128GB 4 Kolory Gold / Purple / Silver / Black OD SKLEPU,iPhone 14 Pro,128,Nowe,4650,Prywatne,Czarny,2023-08-10 08:18,2023-08-10 06:03,https://www.olx.pl/d/oferta/iphone-14-pro-128gb-4-kolory-gold-purple-silver-black-od-sklepu-CID99-IDRyg6J.html
iPhone 13pro silver #BDB stan #na gwarancji,iPhone 13 Pro,128,Używane,3800,Prywatne,Srebrny,2023-08-10 08:18,2023-08-10 05:51,https://www.olx.pl/d/oferta/iphone-13pro-silver-bdb-stan-na-gwarancji-CID99-IDWP8VH.html
NOWY iPhone 14 Pro 256GB,iPhone 14 Pro,256,Nowe,5200,Firmowe,Czarny,2023-08-10 08:18,2023-08-09 00:00,https://www.olx.pl/d/oferta/nowy-iphone-14-pro-256gb-CID99-IDWP6Wg.html
NOWY iPhone 14 Pro 128GB Czarny SKLEP WARSZAWA,iPhone 14 Pro,128,Nowe,4650,Firmowe,Czarny,2023-08-10 08:18,2023-08-09 00:00,https://www.olx.pl/d/oferta/nowy-iphone-14-pro-128gb-czarny-sklep-warszawa-CID99-IDWnAle.html
IPhone 14 Pro zaplombowany,iPhone 14 Pro,128,Nowe,4600,Prywatne,Czarny,2023-08-10 08:18,2023-08-09 00:00,https://www.olx.pl/d/oferta/iphone-14-pro-zaplombowany-CID99-IDWP6Es.html
"iPhone 13 Pro 128Gb, złoty",iPhone 13 Pro,128,Używane,3900,Prywatne,Złoty,2023-08-10 08:18,2023-08-09 00:00,https://www.olx.pl/d/oferta/iphone-13-pro-128gb-zloty-CID99-IDWCoxH.html
iPhone 13 [128 GB] Gwarancja,iPhone 13 Pro,128,Używane,2800,Prywatne,,2023-08-10 08:18,2023-08-09 00:00,https://www.olx.pl/d/oferta/iphone-13-128-gb-gwarancja-CID99-IDWC5QQ.html
APPLE IPHONE 14 PRO 128GB Purple Black Silver Gold Poznań Długa 14,iPhone 14 Pro,128,Nowe,4649,Firmowe,,2023-08-10 08:18,2023-08-09 00:00,https://www.olx.pl/d/oferta/apple-iphone-14-pro-128gb-purple-black-silver-gold-poznan-dluga-14-CID99-IDRgncj.html
iPhone 13 Pro uszkodzony ekran dziala bez zarzutow,iPhone 13 Pro,128,Uszkodzone,1350,Prywatne,Czarny,2023-08-10 08:18,2023-08-09 00:00,https://www.olx.pl/d/oferta/iphone-13-pro-uszkodzony-ekran-dziala-bez-zarzutow-CID99-IDWP5Yx.html
IPhone 13 Pro Graphite 256 GB,iPhone 13 Pro,256,Używane,3400,Prywatne,,2023-08-10 08:18,2023-08-09 00:00,https://www.olx.pl/d/oferta/iphone-13-pro-graphite-256-gb-CID99-IDWP5xN.html
iPhone 14 pro nowy,iPhone 14 Pro,128,Nowe,4350,Prywatne,Czarny,2023-08-10 08:18,2023-08-09 00:00,https://www.olx.pl/d/oferta/iphone-14-pro-nowy-CID99-IDWP562.html
Nowy IPhone 14 Pro Gw.24m,iPhone 14 Pro,128,Nowe,4599,Prywatne,Czarny,2023-08-10 08:18,2023-08-09 00:00,https://www.olx.pl/d/oferta/nowy-iphone-14-pro-gw-24m-CID99-IDWP4mc.html
Jak Nowy IPhone  12,iPhone 14 Pro,128,Nowe,2499,Prywatne,Czarny,2023-08-10 08:18,2023-08-09 00:00,https://www.olx.pl/d/oferta/jak-nowy-iphone-12-CID99-IDW9yW8.html
Apple IPhone 13 pro 128GB Czarny 87% bateria,iPhone 13 Pro,128,Używane,3250,Prywatne,Czarny,2023-08-10 08:18,2023-08-09 00:00,https://www.olx.pl/d/oferta/apple-iphone-13-pro-128gb-czarny-87-bateria-CID99-IDUVrEZ.html
Iphone 14 pro 256gb,iPhone 14 Pro,256,Używane,3100,Prywatne,Czarny,2023-08-10 08:18,2023-08-09 00:00,https://www.olx.pl/d/oferta/iphone-14-pro-256gb-CID99-IDWP3cH.html
iPhone 13 pro 256 GB biały,iPhone 13 Pro,256,Używane,1550,Prywatne,Biały,2023-08-10 08:18,2023-08-09 00:00,https://www.olx.pl/d/oferta/iphone-13-pro-256-gb-bialy-CID99-IDWP1QC.html
Nowy IPhone P14 pro,iPhone 14 Pro,128,Nowe,5000,Prywatne,Fioletowy,2023-08-10 08:18,2023-08-09 00:00,https://www.olx.pl/d/oferta/nowy-iphone-p14-pro-CID99-IDWP0ZY.html
"iPhone 14 PRO 256GB Gold, Purple, Black, Silver PL Dystrybucja GW W-wa",iPhone 14 Pro,256,Nowe,5200,Firmowe,,2023-08-10 08:18,2023-07-17 00:00,https://www.olx.pl/d/oferta/iphone-14-pro-256gb-gold-purple-black-silver-pl-dystrybucja-gw-w-wa-CID99-IDQVit2.html
iPhone 14 pro 128,iPhone 14 Pro,128,Używane,4300,Prywatne,Fioletowy,2023-08-10 08:18,2023-08-09 00:00,https://www.olx.pl/d/oferta/iphone-14-pro-128-CID99-IDWP0zL.html
iPhon 13 pro 128Gb,iPhone 13 Pro,128,Używane,3399,Prywatne,Niebieski,2023-08-10 08:18,2023-08-09 00:00,https://www.olx.pl/d/oferta/iphon-13-pro-128gb-CID99-IDWP0n4.html
Iphone 13 pro { szybka do wymiany},iPhone 13 Pro,128,Uszkodzone,950,Prywatne,Czarny,2023-08-10 08:18,2023-08-09 00:00,https://www.olx.pl/d/oferta/iphone-13-pro-szybka-do-wymiany-CID99-IDWOZ17.html
Etui case Silicone Ring IPhone 14 pro lawendowy,iPhone 14 Pro,,Nowe,20,Prywatne,,2023-08-10 08:18,2023-08-09 00:00,https://www.olx.pl/d/oferta/etui-case-silicone-ring-iphone-14-pro-lawendowy-CID99-IDUY1tM.html
iPhone 14 pro 128GB czarny,iPhone 14 Pro,128,Nowe,4800,Prywatne,,2023-08-10 08:18,2023-08-09 00:00,https://www.olx.pl/d/oferta/iphone-14-pro-128gb-czarny-CID99-IDQS3F9.html
iPhone 14 Pro 128GB Space Black- Bateria 100%,iPhone 14 Pro,128,Używane,4700,Prywatne,Czarny,2023-08-10 08:18,2023-08-09 00:00,https://www.olx.pl/d/oferta/iphone-14-pro-128gb-space-black-bateria-100-CID99-IDWOXf7.html
Sprzedam iPhone 14 pro,iPhone 14 Pro,128,Nowe,4999,Prywatne,Czarny,2023-08-10 08:18,2023-08-09 00:00,https://www.olx.pl/d/oferta/sprzedam-iphone-14-pro-CID99-IDWxPwD.html
iPhone 13 pro GOLD pamięć 256 GB na gwarancji do listopada 2023,iPhone 13 Pro,256,Używane,4550,Prywatne,Złoty,2023-08-10 08:18,2023-08-09 00:00,https://www.olx.pl/d/oferta/iphone-13-pro-gold-pamiec-256-gb-na-gwarancji-do-listopada-2023-CID99-IDWOVS4.html
iPhone 14 Pro Gold 256GB,iPhone 14 Pro,256,Używane,5200,Prywatne,Złoty,2023-08-10 08:18,2023-08-09 00:00,https://www.olx.pl/d/oferta/iphone-14-pro-gold-256gb-CID99-IDWOUEJ.html
iPhone 13 Pro 512 GB,iPhone 13 Pro,512,Używane,4400,Prywatne,Niebieski,2023-08-10 08:18,2023-08-09 00:00,https://www.olx.pl/d/oferta/iphone-13-pro-512-gb-CID99-IDWOIad.html
OKAZJA!!! iPhone 14 Pro 128GB Deep Purple / Gwarancja 24mies / Raty 0%,iPhone 14 Pro,128,Używane,4949,Firmowe,Fioletowy,2023-08-10 08:18,2023-08-09 00:00,https://www.olx.pl/d/oferta/okazja-iphone-14-pro-128gb-deep-purple-gwarancja-24mies-raty-0-CID99-IDWOT03.html
iphone 14 pro 512gb,iPhone 14 Pro,512,Nowe,5000,Prywatne,Fioletowy,2023-08-10 08:18,2023-08-09 00:00,https://www.olx.pl/d/oferta/iphone-14-pro-512gb-CID99-IDWOSsN.html
iPhone 13 Pro 128 GB Idealny Bateria 99 %,iPhone 13 Pro,128,Używane,3550,Prywatne,Czarny,2023-08-10 08:18,2023-08-09 00:00,https://www.olx.pl/d/oferta/iphone-13-pro-128-gb-idealny-bateria-99-CID99-IDWEIBr.html
iPhone 13 Pro Alpine Green 256GB bateria 98% rok rękojmi,iPhone 13 Pro,256,Używane,3999,Prywatne,Zielony,2023-08-10 08:18,2023-08-09 00:00,https://www.olx.pl/d/oferta/iphone-13-pro-alpine-green-256gb-bateria-98-rok-rekojmi-CID99-IDWOSh6.html
Sprzedam iPhone 13 pro 128gb Gold,iPhone 13 Pro,128,Używane,4300,Prywatne,Złoty,2023-08-10 08:18,2023-08-09 00:00,https://www.olx.pl/d/oferta/sprzedam-iphone-13-pro-128gb-gold-CID99-IDWA4tW.html
IPhone 14 Pro 128GB Złoty + MAGSAFE,iPhone 14 Pro,128,Używane,5250,Prywatne,Złoty,2023-08-10 08:18,2023-08-09 00:00,https://www.olx.pl/d/oferta/iphone-14-pro-128gb-zloty-magsafe-CID99-IDTvTQy.html
Iphone 14 pro 256Gb,iPhone 14 Pro,256,Nowe,5000,Prywatne,Czarny,2023-08-10 08:18,2023-08-09 00:00,https://www.olx.pl/d/oferta/iphone-14-pro-256gb-CID99-IDWOO3f.html
[NAJNOWSZA DOSTAWA] iPhone 14 PRO 128GB | Bateria 100% | j. NOWY,iPhone 14 Pro,128,Używane,4699,Firmowe,Fioletowy,2023-08-10 08:18,2023-08-09 00:00,https://www.olx.pl/d/oferta/najnowsza-dostawa-iphone-14-pro-128gb-bateria-100-j-nowy-CID99-IDWjUIM.html
OKAZJA iPhone 13 Pro Sierra Blue 128GB / Gwarancja 24 mies / Raty 0%,iPhone 13 Pro,128,Używane,3899,Firmowe,Niebieski,2023-08-10 08:18,2023-08-09 00:00,https://www.olx.pl/d/oferta/okazja-iphone-13-pro-sierra-blue-128gb-gwarancja-24-mies-raty-0-CID99-IDWOMLq.html
iPhone 13 PRO 128GB green,iPhone 13 Pro,128,Używane,3800,Prywatne,Zielony,2023-08-10 08:18,2023-08-09 00:00,https://www.olx.pl/d/oferta/iphone-13-pro-128gb-green-CID99-IDWOLHl.html
Iphone 14 pro na gwarancji,iPhone 14 Pro,128,Używane,3850,Prywatne,Czarny,2023-08-10 09:20,2023-08-10 07:00,https://www.olx.pl/d/oferta/iphone-14-pro-na-gwarancji-CID99-IDWPbdr.html
Smartfon Apple Iphone 13 PRO 128gb,iPhone 13 Pro,128,Używane,3600,Prywatne,,2023-08-10 09:20,2023-08-10 06:48,https://www.olx.pl/d/oferta/smartfon-apple-iphone-13-pro-128gb-CID99-IDSE10W.html
Iphone 13 pro 128gb,iPhone 13 Pro,128,Używane,3200,Prywatne,Niebieski,2023-08-10 09:20,2023-08-10 06:31,https://www.olx.pl/d/oferta/iphone-13-pro-128gb-CID99-IDWPa4D.html
 iPhone 13 Pro 256GB Sierra Blue Gwarancja Idealny Faktura Kielce,iPhone 13 Pro,256,Używane,3899,Firmowe,Niebieski,2023-08-10 09:20,2023-07-18 00:00,https://www.olx.pl/d/oferta/iphone-13-pro-256gb-sierra-blue-gwarancja-idealny-faktura-kielce-CID99-IDWtGBQ.html
NOWY iPhone 14 PRO 256GB 5G Gold + GRATISY Warszawa,iPhone 14 Pro,256,Nowe,5299,Prywatne,Złoty,2023-08-10 09:20,2023-08-07 00:00,https://www.olx.pl/d/oferta/nowy-iphone-14-pro-256gb-5g-gold-gratisy-warszawa-CID99-IDR4LWl.html
APPLE IPHONE 14 PRO 128GB | GWAR 24msc | Klasa A+,iPhone 14 Pro,128,Używane,4999,Firmowe,,2023-08-10 09:20,2023-07-18 00:00,https://www.olx.pl/d/oferta/apple-iphone-14-pro-128gb-gwar-24msc-klasa-a-CID99-IDWtlsd.html
Apple iPhone 13 Pro 128GB - WYBÓR Kolorów - Gwarancja 12mc,iPhone 13 Pro,128,Używane,3699,Firmowe,Szary,2023-08-11 09:57,2023-08-04 00:00,https://www.olx.pl/d/oferta/apple-iphone-13-pro-128gb-wybor-kolorow-gwarancja-12mc-CID99-IDWJf4P.html
"Iphone 14 pro (max, 8, x, 13, 14",iPhone 14 Pro,128,Nowe,4900,Prywatne,Fioletowy,2023-08-11 09:57,2023-08-11 07:24,https://www.olx.pl/d/oferta/iphone-14-pro-max-8-x-13-14-CID99-IDWQgnb.html
iPhone 14 pro 128gb Deep Purple,iPhone 14 Pro,128,Używane,4200,Prywatne,Fioletowy,2023-08-11 09:57,2023-08-11 07:19,https://www.olx.pl/d/oferta/iphone-14-pro-128gb-deep-purple-CID99-IDWQg4Y.html
iPhone 13 pro 256 Sierra blue stan idealny,iPhone 13 Pro,256,Używane,4000,Prywatne,,2023-08-11 09:57,2023-08-11 07:09,https://www.olx.pl/d/oferta/iphone-13-pro-256-sierra-blue-stan-idealny-CID99-IDWDi0a.html
Apple iphone 14 Pro 128GB Space Black Gwarancja,iPhone 14 Pro,,Nowe,4999,Firmowe,,2023-08-11 09:57,2023-08-11 07:04,https://www.olx.pl/d/oferta/apple-iphone-14-pro-128gb-space-black-gwarancja-CID99-IDRMlZe.html
Apple IPhone 13 PRO 256 GB jak nowy,iPhone 13 Pro,256,Używane,3500,Prywatne,Zielony,2023-08-11 09:57,2023-08-11 06:55,https://www.olx.pl/d/oferta/apple-iphone-13-pro-256-gb-jak-nowy-CID99-IDWQf1y.html
iPhone 14 Pro na gwarancji,iPhone 14 Pro,128,Używane,4800,Prywatne,Czarny,2023-08-11 09:57,2023-08-11 06:37,https://www.olx.pl/d/oferta/iphone-14-pro-na-gwarancji-CID99-IDWQeks.html
Iphone 14 Pro telefon Nówka,iPhone 14 Pro,128,Nowe,1000,Prywatne,Srebrny,2023-08-11 09:57,2023-08-11 05:50,https://www.olx.pl/d/oferta/iphone-14-pro-telefon-nowka-CID99-IDWQd95.html
iPhone 14 Pro Czarny Zafoliowany,iPhone 14 Pro,128,Nowe,4000,Prywatne,Czarny,2023-08-11 09:57,2023-08-11 05:02,https://www.olx.pl/d/oferta/iphone-14-pro-czarny-zafoliowany-CID99-IDWQcpz.html
iPhone 14 Pro Silver 128 GB Stan Bardzo Dobry,iPhone 14 Pro,128,Używane,4099,Prywatne,Srebrny,2023-08-11 09:57,2023-08-11 04:44,https://www.olx.pl/d/oferta/iphone-14-pro-silver-128-gb-stan-bardzo-dobry-CID99-IDWQcdP.html
iPhone 13 PRO GOLD 128 GB,iPhone 13 Pro,128,Używane,3350,Prywatne,Złoty,2023-08-11 09:57,2023-08-10 00:00,https://www.olx.pl/d/oferta/iphone-13-pro-gold-128-gb-CID99-IDWpUBK.html
iPhone 13 pro 128 GB GRAPHITE.,iPhone 13 Pro,,Używane,4200,Prywatne,,2023-08-11 09:57,2023-08-11 02:42,https://www.olx.pl/d/oferta/iphone-13-pro-128-gb-graphite-CID99-IDTB3lu.html
iPhone 13 PRO jak nowy stan idealny bez blokad,iPhone 13 Pro,128,Używane,3800,Prywatne,Niebieski,2023-08-11 09:57,2023-08-10 00:00,https://www.olx.pl/d/oferta/iphone-13-pro-jak-nowy-stan-idealny-bez-blokad-CID99-IDWQ9hg.html
iPhone 14 pro 256 GB,iPhone 14 Pro,256,Używane,4700,Prywatne,,2023-08-11 09:57,2023-08-10 00:00,https://www.olx.pl/d/oferta/iphone-14-pro-256-gb-CID99-IDWmSq7.html
Apple Iphone 13 PRO SIERRA BLUE GWARANCJA zestaw 128gb,iPhone 14 Pro,128,Używane,3849,Prywatne,Niebieski,2023-08-11 09:57,2023-08-10 00:00,https://www.olx.pl/d/oferta/apple-iphone-13-pro-sierra-blue-gwarancja-zestaw-128gb-CID99-IDWQ77u.html
IPHONE 14 pro 128GB,iPhone 14 Pro,128,Nowe,4800,Prywatne,Czarny,2023-08-11 09:57,2023-08-10 00:00,https://www.olx.pl/d/oferta/iphone-14-pro-128gb-CID99-IDWwl74.html
iPhone 14 pro 256GB,iPhone 14 Pro,256,Nowe,5150,Prywatne,Biały,2023-08-11 09:57,2023-08-10 00:00,https://www.olx.pl/d/oferta/iphone-14-pro-256gb-CID99-IDWQ6fF.html
iPhone 13 Pro (128 GB) - IDEALNY / Gold,iPhone 13 Pro,128,Używane,3399,Prywatne,Złoty,2023-08-11 09:57,2023-08-08 00:00,https://www.olx.pl/d/oferta/iphone-13-pro-128-gb-idealny-gold-CID99-IDWNlw2.html
iPhone 13 pro 128GB prywatny,iPhone 13 Pro,128,Używane,3700,Prywatne,Czarny,2023-08-11 09:57,2023-08-10 00:00,https://www.olx.pl/d/oferta/iphone-13-pro-128gb-prywatny-CID99-IDWQ4hU.html
Iphone 13 pro 256 Gb blue,iPhone 13 Pro,256,Używane,3250,Prywatne,Niebieski,2023-08-11 09:57,2023-08-10 00:00,https://www.olx.pl/d/oferta/iphone-13-pro-256-gb-blue-CID99-IDSb4r2.html
iPhone 14 pro 256GB,iPhone 14 Pro,256,Nowe,4899,Prywatne,Fioletowy,2023-08-11 09:57,2023-08-10 00:00,https://www.olx.pl/d/oferta/iphone-14-pro-256gb-CID99-IDWQ1MD.html
Rezerwacja - iPhone 14 pro fioletowy ZBITY TYŁ,iPhone 14 Pro,128,Uszkodzone,3150,Prywatne,Fioletowy,2023-08-11 09:57,2023-08-10 00:00,https://www.olx.pl/d/oferta/rezerwacja-iphone-14-pro-fioletowy-zbity-tyl-CID99-IDWPZyG.html
iPhone 14 PRO 128GB Gwarancja stan idealny,iPhone 14 Pro,128,Używane,4699,Firmowe,Złoty,2023-08-11 09:57,2023-08-10 00:00,https://www.olx.pl/d/oferta/iphone-14-pro-128gb-gwarancja-stan-idealny-CID99-IDWPYlP.html
iPhone 13 Pro 128 GB na gwarancji,iPhone 13 Pro,128,Używane,3499,Prywatne,Szary,2023-08-11 09:57,2023-08-10 00:00,https://www.olx.pl/d/oferta/iphone-13-pro-128-gb-na-gwarancji-CID99-IDWPZ5y.html
iPhone 13 pro! Idealny! Gwarancja! 98%! Alpine green!,iPhone 13 Pro,128,Używane,3500,Prywatne,Zielony,2023-08-11 09:57,2023-08-10 00:00,https://www.olx.pl/d/oferta/iphone-13-pro-idealny-gwarancja-98-alpine-green-CID99-IDT2FqL.html
Stan jak NOWY iPhone 14 PRO złoty gold polska dystrybucja na jutro,iPhone 14 Pro,128,Używane,4799,Prywatne,Złoty,2023-08-11 09:57,2023-08-10 00:00,https://www.olx.pl/d/oferta/stan-jak-nowy-iphone-14-pro-zloty-gold-polska-dystrybucja-na-jutro-CID99-IDTC4Ev.html
Apple iPhone 14 Pro 256GB Silver,iPhone 14 Pro,256,Nowe,5049,Firmowe,Srebrny,2023-08-11 09:57,2023-07-22 00:00,https://www.olx.pl/d/oferta/apple-iphone-14-pro-256gb-silver-CID99-IDWxnzQ.html
iPhone 14 Pro 256 GB GOLD,iPhone 14 Pro,256,Nowe,99,Prywatne,,2023-08-11 09:57,2023-08-10 00:00,https://www.olx.pl/d/oferta/iphone-14-pro-256-gb-gold-CID99-IDU49oK.html
iPhone 14 pro czarny 128 GB,iPhone 14 Pro,128,Używane,5000,Prywatne,Czarny,2023-08-11 09:57,2023-08-10 00:00,https://www.olx.pl/d/oferta/iphone-14-pro-czarny-128-gb-CID99-IDWPX0h.html
HIT!! iPhone 13 Pro 128GB Graphite / Gwarancja 24 mies / Raty0%,iPhone 13 Pro,128,Używane,3499,Firmowe,Szary,2023-08-11 09:57,2023-08-10 00:00,https://www.olx.pl/d/oferta/hit-iphone-13-pro-128gb-graphite-gwarancja-24-mies-raty0-CID99-IDWPVer.html
Iphone 13 pro 128 graphite,iPhone 13 Pro,128,Używane,3200,Prywatne,Szary,2023-08-11 09:57,2023-08-10 00:00,https://www.olx.pl/d/oferta/iphone-13-pro-128-graphite-CID99-IDWPWmi.html
iPhone 13 Pro 128GB biały,iPhone 13 Pro,,Używane,3500,Prywatne,Biały,2023-08-11 09:57,2023-08-10 00:00,https://www.olx.pl/d/oferta/iphone-13-pro-128gb-bialy-CID99-IDWPURn.html
"iPhone 14 Pro 128GB, czarny, jak nowy!",iPhone 14 Pro,128,Używane,4899,Firmowe,Czarny,2023-08-11 09:57,2023-08-10 00:00,https://www.olx.pl/d/oferta/iphone-14-pro-128gb-czarny-jak-nowy-CID99-IDWPUFs.html
"iPhone 14 Pro Fiolet, 128GB, jak nowy!",iPhone 14 Pro,128,Używane,4899,Firmowe,Fioletowy,2023-08-11 09:57,2023-08-10 00:00,https://www.olx.pl/d/oferta/iphone-14-pro-fiolet-128gb-jak-nowy-CID99-IDWPUt5.html
Smartfon iPhone 14 Pro 128 GB Srebny.,iPhone 14 Pro,,Używane,4850,Prywatne,,2023-08-11 09:57,2023-08-10 00:00,https://www.olx.pl/d/oferta/smartfon-iphone-14-pro-128-gb-srebny-CID99-IDTA9jI.html
iPhone 14 Pro czarny 256 GB,iPhone 14 Pro,256,Nowe,5500,Prywatne,Czarny,2023-08-11 09:57,2023-08-10 00:00,https://www.olx.pl/d/oferta/iphone-14-pro-czarny-256-gb-CID99-IDWPSh1.html
iPhone 13 Pro 256 GB Niebieski z FV Cortland POZNAŃ,iPhone 13 Pro,256,Używane,3350,Prywatne,Niebieski,2023-08-11 15:32,2023-08-11 13:20,https://www.olx.pl/d/oferta/iphone-13-pro-256-gb-niebieski-z-fv-cortland-poznan-CID99-IDWQBvd.html
Iphone 13 pro 128gb zadbany,iPhone 13 Pro,128,Używane,3650,Prywatne,Czarny,2023-08-11 15:32,2023-08-11 13:20,https://www.olx.pl/d/oferta/iphone-13-pro-128gb-zadbany-CID99-IDWQBuq.html
iPhone 13 Pro Gold 128Gb stan idealny,iPhone 13 Pro,128,Używane,3200,Prywatne,Złoty,2023-08-11 15:32,2023-08-11 13:17,https://www.olx.pl/d/oferta/iphone-13-pro-gold-128gb-stan-idealny-CID99-IDWQBjS.html
Marriott Apple Iphone 14 Pro 128gb Gold Złoty HIT,iPhone 14 Pro,128,Nowe,4650,Firmowe,Złoty,2023-08-11 15:32,2023-08-11 12:41,https://www.olx.pl/d/oferta/marriott-apple-iphone-14-pro-128gb-gold-zloty-hit-CID99-IDWQz8C.html
Sklep ładny iPhone 13 Pro 128gb Blue 93%,iPhone 13 Pro,128,Używane,3399,Firmowe,Niebieski,2023-08-11 15:32,2023-08-11 12:37,https://www.olx.pl/d/oferta/sklep-ladny-iphone-13-pro-128gb-blue-93-CID99-IDTZZ5E.html
Tel4u iPhone 13 Pro 128GB 100% kondycja Długa35,iPhone 13 Pro,128,Używane,3649,Firmowe,Biały,2023-08-11 15:32,2023-08-11 12:23,https://www.olx.pl/d/oferta/tel4u-iphone-13-pro-128gb-100-kondycja-dluga35-CID99-IDWQy50.html
iPhone 14 pro  nowy,iPhone 14 Pro,,Nowe,5100,Prywatne,,2023-08-11 15:32,2023-08-11 12:20,https://www.olx.pl/d/oferta/iphone-14-pro-nowy-CID99-IDSZWGF.html
Smartfon APPLE IPHONE 13 PRO 128GB | Kolory | Gwarancja | RATY 0%,iPhone 13 Pro,,Używane,3799,Firmowe,,2023-08-11 15:32,2023-08-11 12:16,https://www.olx.pl/d/oferta/smartfon-apple-iphone-13-pro-128gb-kolory-gwarancja-raty-0-CID99-IDTIwKw.html
Sprzedam iPhone 13 Pro na 128 GB,iPhone 13 Pro,128,Używane,3600,Prywatne,Czarny,2023-08-11 15:32,2023-08-11 12:10,https://www.olx.pl/d/oferta/sprzedam-iphone-13-pro-na-128-gb-CID99-IDWQx8V.html
NOWY iPhone 14 Pro 128 GB Purple/Black/Gold/Silver GWARANCJA,iPhone 14 Pro,128,Nowe,4799,Firmowe,,2023-08-11 15:32,2023-07-31 00:00,https://www.olx.pl/d/oferta/nowy-iphone-14-pro-128-gb-purple-black-gold-silver-gwarancja-CID99-IDStWk1.html
iPhone 14 Pro 256GB Purple Black Nowy Sfera Bielsko,iPhone 14 Pro,256,Nowe,5499,Firmowe,,2023-08-11 15:32,2023-08-10 00:00,https://www.olx.pl/d/oferta/iphone-14-pro-256gb-purple-black-nowy-sfera-bielsko-CID99-IDUl68C.html
IPHONE 13 PRO 128 gb złoty 93% baterii Piotrków Trybunalski Kaufland,iPhone 13 Pro,128,Używane,3300,Firmowe,Złoty,2023-08-11 15:32,2023-08-11 12:04,https://www.olx.pl/d/oferta/iphone-13-pro-128-gb-zloty-93-baterii-piotrkow-trybunalski-kaufland-CID99-IDWQvOL.html
"TELEFON IPHONE 14 PRO 128GB Silver/Black Carrefour Kutno Cena:4999,-",iPhone 14 Pro,128,Nowe,4999,Firmowe,,2023-08-11 15:32,2023-08-11 11:52,https://www.olx.pl/d/oferta/telefon-iphone-14-pro-128gb-silver-black-carrefour-kutno-cena4999-CID99-IDUwZ0Z.html
iPhone 14 Pro 256 gb gwarancja,iPhone 14 Pro,256,Używane,4700,Prywatne,Czarny,2023-08-11 15:32,2023-08-11 11:48,https://www.olx.pl/d/oferta/iphone-14-pro-256-gb-gwarancja-CID99-IDWQwVw.html
Apple iPhone 14 pro 256 gb,iPhone 14 Pro,256,Używane,3199,Prywatne,Fioletowy,2023-08-11 15:32,2023-08-11 11:46,https://www.olx.pl/d/oferta/apple-iphone-14-pro-256-gb-CID99-IDWQwQJ.html
iPhone 13pro 256gb (94%),iPhone 13 Pro,256,Używane,3900,Prywatne,,2023-08-11 15:32,2023-08-11 11:43,https://www.olx.pl/d/oferta/iphone-13pro-256gb-94-CID99-IDU4LJY.html
Iphone 14 Pro 256GB Space Black ZAPLOMBOWANY bez blokad PL,iPhone 14 Pro,256,Nowe,4999,Prywatne,Czarny,2023-08-11 15:32,2023-08-11 11:35,https://www.olx.pl/d/oferta/iphone-14-pro-256gb-space-black-zaplombowany-bez-blokad-pl-CID99-IDWQweY.html
NOWY iPhone 13 Pro 128GB Sierra Blue,iPhone 13 Pro,128,Nowe,3999,Prywatne,Niebieski,2023-08-11 15:32,2023-08-11 11:23,https://www.olx.pl/d/oferta/nowy-iphone-13-pro-128gb-sierra-blue-CID99-IDWQuvk.html
Iphone 14 Pro 128GB Deep Purple,iPhone 14 Pro,128,Używane,3900,Prywatne,Fioletowy,2023-08-11 15:32,2023-08-11 11:21,https://www.olx.pl/d/oferta/iphone-14-pro-128gb-deep-purple-CID99-IDWQunu.html
"Iphone 14 Pro 256gb Gold,Space Black ,Deep Purple Sklep Wroclaw",iPhone 14 Pro,256,Nowe,5399,Firmowe,,2023-08-11 15:32,2023-08-11 11:18,https://www.olx.pl/d/oferta/iphone-14-pro-256gb-gold-space-black-deep-purple-sklep-wroclaw-CID99-IDQ6vGG.html
iPhone 13 PRO 256GB 90% baterii,iPhone 13 Pro,256,Uszkodzone,2500,Prywatne,,2023-08-11 15:32,2023-08-11 11:18,https://www.olx.pl/d/oferta/iphone-13-pro-256gb-90-baterii-CID99-IDWQuec.html
iPhone 14 PRO 128GB Gold Black Silver Złote Tarasy,iPhone 14 Pro,128,Nowe,4650,Firmowe,,2023-08-11 15:32,2023-08-06 00:00,https://www.olx.pl/d/oferta/iphone-14-pro-128gb-gold-black-silver-zlote-tarasy-CID99-IDWkhso.html
Sklep MagicGsm Nowy Apple iPhone 14 Pro 128GB PL.Dystrybucja Wawa,iPhone 14 Pro,128,Nowe,4650,Firmowe,,2023-08-11 15:32,2023-08-11 09:31,https://www.olx.pl/d/oferta/sklep-magicgsm-nowy-apple-iphone-14-pro-128gb-pl-dystrybucja-wawa-CID99-IDHd4hE.html
METRO - iPhone 14 Pro 1TB GOLD,iPhone 14 Pro,Inna,Nowe,7000,Firmowe,,2023-08-11 15:32,2023-08-11 10:58,https://www.olx.pl/d/oferta/metro-iphone-14-pro-1tb-gold-CID99-IDLESyp.html
NOWY iPhone 14 Pro 128 GB Deep Purple • GWARANCJA •,iPhone 14 Pro,128,Nowe,4399,Firmowe,Fioletowy,2023-08-11 15:32,2023-08-11 10:55,https://www.olx.pl/d/oferta/nowy-iphone-14-pro-128-gb-deep-purple-gwarancja-CID99-IDWQsY1.html
iPhone 14 Pro 128GB,iPhone 14 Pro,128,Nowe,4500,Prywatne,Czarny,2023-08-11 15:32,2023-08-11 10:53,https://www.olx.pl/d/oferta/iphone-14-pro-128gb-CID99-IDWQsNx.html
Nowy Iphon 14Pro,iPhone 14 Pro,256,Nowe,4800,Prywatne,Szary,2023-08-11 15:32,2023-08-11 10:51,https://www.olx.pl/d/oferta/nowy-iphon-14pro-CID99-IDWQsI5.html
Apple IPhone 13  Pro,iPhone 13 Pro,128,Używane,4000,Prywatne,Zielony,2023-08-11 15:32,2023-08-11 10:49,https://www.olx.pl/d/oferta/apple-iphone-13-pro-CID99-IDWQsBm.html
iPhone 13pro 128gb. Jak nowy. Paragon. Gwarancja do grudnia.,iPhone 13 Pro,128,Używane,3700,Prywatne,,2023-08-11 15:32,2023-08-11 10:49,https://www.olx.pl/d/oferta/iphone-13pro-128gb-jak-nowy-paragon-gwarancja-do-grudnia-CID99-IDT6xqp.html
iPhone 13 Pro 128 GB Zielony,iPhone 13 Pro,128,Używane,3800,Prywatne,Zielony,2023-08-11 15:32,2023-08-11 10:22,https://www.olx.pl/d/oferta/iphone-13-pro-128-gb-zielony-CID99-IDWQqPX.html
iPhone 14 Pro 256gb Czarny Fiolet Złoty Srebrny Żelazna 89 W-wa 5200zł,iPhone 14 Pro,256,Nowe,5200,Firmowe,,2023-08-11 15:32,2023-08-11 10:17,https://www.olx.pl/d/oferta/iphone-14-pro-256gb-czarny-fiolet-zloty-srebrny-zelazna-89-w-wa-5200zl-CID99-IDTuet8.html
Sprzedam Iphone 14 pro 256gb,iPhone 14 Pro,256,Nowe,4700,Prywatne,Czarny,2023-08-11 15:32,2023-08-11 10:08,https://www.olx.pl/d/oferta/sprzedam-iphone-14-pro-256gb-CID99-IDWQq2c.html
PROMO! iPhone 14 Pro 128GB Gold / Gwarancja 24 msc / Raty0%,iPhone 14 Pro,128,Używane,4949,Firmowe,Złoty,2023-08-11 15:32,2023-08-11 10:01,https://www.olx.pl/d/oferta/promo-iphone-14-pro-128gb-gold-gwarancja-24-msc-raty0-CID99-IDWQptk.html
NOWY Iphone 14 Pro 128gb Deep Purple GWARANCJA! NAJTANIEJ!,iPhone 14 Pro,128,Nowe,4549,Firmowe,Fioletowy,2023-08-11 15:32,2023-08-11 09:56,https://www.olx.pl/d/oferta/nowy-iphone-14-pro-128gb-deep-purple-gwarancja-najtaniej-CID99-IDWQpfa.html
iPhone 13 pro 256gb zielony,iPhone 13 Pro,256,Używane,1900,Prywatne,Zielony,2023-08-11 15:32,2023-08-11 09:56,https://www.olx.pl/d/oferta/iphone-13-pro-256gb-zielony-CID99-IDWQ9ee.html
Iphone 14 pro 512gb silver,iPhone 14 Pro,,Nowe,6100,Prywatne,,2023-08-11 15:32,2023-08-11 09:56,https://www.olx.pl/d/oferta/iphone-14-pro-512gb-silver-CID99-IDTBiN2.html
Nowy iPhone 14 Pro 128gb Silver Sklep Śląsk,iPhone 14 Pro,128,Nowe,4650,Firmowe,,2023-08-11 15:32,2023-08-11 09:16,https://www.olx.pl/d/oferta/nowy-iphone-14-pro-128gb-silver-sklep-slask-CID99-IDUYFOH.html
Tylko dziś w tej cenie/iphone 13 pro 128gb z baterią 100%/ZŁOTE TARASY,iPhone 13 Pro,128,Używane,3799,Firmowe,,2023-08-11 15:32,2023-08-11 08:58,https://www.olx.pl/d/oferta/tylko-dzis-w-tej-cenie-iphone-13-pro-128gb-z-bateria-100-zlote-tarasy-CID99-IDWQkDs.html
Iphone 14 Pro 256 GB - nowy,iPhone 14 Pro,256,Nowe,5299,Prywatne,Fioletowy,2023-08-18 13:08,2023-08-17 00:00,https://www.olx.pl/d/oferta/iphone-14-pro-256-gb-nowy-CID99-IDWDEXd.html
iPhone 13 Pro 128 GB - OKAZJA,iPhone 13 Pro,128,Używane,3099,Prywatne,Szary,2023-08-18 13:08,2023-08-18 09:16,https://www.olx.pl/d/oferta/iphone-13-pro-128-gb-okazja-CID99-IDWWZ1w.html
iPhone 14 pro 256 GB czarny,iPhone 14 Pro,,Używane,4999,Prywatne,,2023-08-18 13:08,2023-08-18 10:52,https://www.olx.pl/d/oferta/iphone-14-pro-256-gb-czarny-CID99-IDUyKfA.html
iPhone 13 Pro 128GB,iPhone 13 Pro,128,Używane,2200,Prywatne,Szary,2023-08-18 13:08,2023-08-18 10:49,https://www.olx.pl/d/oferta/iphone-13-pro-128gb-CID99-IDWV886.html
iPhone 13 Pro 128 GB ideał,iPhone 13 Pro,128,Używane,3400,Prywatne,Czarny,2023-08-18 13:08,2023-08-18 10:31,https://www.olx.pl/d/oferta/iphone-13-pro-128-gb-ideal-CID99-IDWV6Pl.html
NOWY / iPhone 14 Pro / 128 GB / Gwarancja 2025r,iPhone 14 Pro,128,Używane,4600,Prywatne,,2023-08-18 13:08,2023-08-18 10:07,https://www.olx.pl/d/oferta/nowy-iphone-14-pro-128-gb-gwarancja-2025r-CID99-IDUZkmW.html
iPhone 14 Pro - Lombard Lumik Zduńska Wola Skup Telefonów,iPhone 14 Pro,128,Używane,4500,Firmowe,Złoty,2023-08-18 13:08,2023-08-18 10:00,https://www.olx.pl/d/oferta/iphone-14-pro-lombard-lumik-zdunska-wola-skup-telefonow-CID99-IDWV3VT.html
iPhone 13 Pro 128gb Jak nowy !,iPhone 13 Pro,128,Używane,4000,Prywatne,Biały,2023-08-18 13:08,2023-08-18 09:32,https://www.olx.pl/d/oferta/iphone-13-pro-128gb-jak-nowy-CID99-IDSrm1q.html
Nowy iPhone 14 PRO 256gb SKLEP na 13 min 12 max 11,iPhone 14 Pro,256,Nowe,5199,Firmowe,Fioletowy,2023-08-18 13:08,2023-08-11 00:00,https://www.olx.pl/d/oferta/nowy-iphone-14-pro-256gb-sklep-na-13-min-12-max-11-CID99-IDWQL4x.html
Iphone 13 pro 128gb nowy nie aktywowany,iPhone 13 Pro,128,Nowe,3550,Prywatne,,2023-08-18 13:08,2023-08-18 09:08,https://www.olx.pl/d/oferta/iphone-13-pro-128gb-nowy-nie-aktywowany-CID99-IDQgaE8.html
Apple iPhone 13 Pro 256GB Kolor: Gold |Gwarancja|Sklep|Raty|Nowy|,iPhone 13 Pro,256,Nowe,5349,Firmowe,Złoty,2023-08-18 13:08,2023-08-18 08:52,https://www.olx.pl/d/oferta/apple-iphone-13-pro-256gb-kolor-gold-gwarancja-sklep-raty-nowy-CID99-IDRkebC.html
Smartfon APPLE IPHONE 13 Pro 128GB | Kolory | Gwarancja | Zadowolenie,iPhone 13 Pro,128,Używane,3799,Firmowe,Niebieski,2023-08-18 13:08,2023-08-18 08:47,https://www.olx.pl/d/oferta/smartfon-apple-iphone-13-pro-128gb-kolory-gwarancja-zadowolenie-CID99-IDTQM2M.html
Nowy Apple iPhone 14 Pro 128GB,iPhone 14 Pro,128,Nowe,4500,Prywatne,Fioletowy,2023-08-18 13:08,2023-08-18 08:45,https://www.olx.pl/d/oferta/nowy-apple-iphone-14-pro-128gb-CID99-IDWzcKq.html
Iphone 14 pro 128 GB Bateria 100% GW 12.2023,iPhone 14 Pro,128,Używane,4199,Prywatne,Fioletowy,2023-08-18 13:08,2023-08-18 08:44,https://www.olx.pl/d/oferta/iphone-14-pro-128-gb-bateria-100-gw-12-2023-CID99-IDWWVVB.html
IPhone 14 Pro 256GB Space Grey,iPhone 14 Pro,256,Nowe,4500,Prywatne,Szary,2023-08-18 13:08,2023-08-18 08:40,https://www.olx.pl/d/oferta/iphone-14-pro-256gb-space-grey-CID99-IDWWVKv.html
Nowy Plomba  iPhone 14 Pro Czarny,iPhone 14 Pro,128,Nowe,4099,Prywatne,Czarny,2023-08-18 13:08,2023-08-18 08:34,https://www.olx.pl/d/oferta/nowy-plomba-iphone-14-pro-czarny-CID99-IDWCeFI.html
iPhone 14 Pro 512GB + AppleCare+ do 2025r,iPhone 14 Pro,512,Nowe,5500,Prywatne,Fioletowy,2023-08-18 13:08,2023-08-18 08:27,https://www.olx.pl/d/oferta/iphone-14-pro-512gb-applecare-do-2025r-CID99-IDWWTw0.html
Iphone 14 Pro 256 gb space black Wroclaw / Legnica / Olesnica,iPhone 14 Pro,256,Nowe,5199,Prywatne,Czarny,2023-08-18 13:08,2023-08-10 00:00,https://www.olx.pl/d/oferta/iphone-14-pro-256-gb-space-black-wroclaw-legnica-olesnica-CID99-IDWPp9y.html
Apple iPhone 14 Pro 128Gb RTV Nowy,iPhone 14 Pro,128,Nowe,4550,Prywatne,Srebrny,2023-08-18 13:08,2023-08-18 08:03,https://www.olx.pl/d/oferta/apple-iphone-14-pro-128gb-rtv-nowy-CID99-IDWWUKa.html
Telefon iPhone 14 Pro 128GB Space Black ( NOWY ),iPhone 14 Pro,128,Nowe,4499,Prywatne,Czarny,2023-08-18 13:08,2023-08-18 07:49,https://www.olx.pl/d/oferta/telefon-iphone-14-pro-128gb-space-black-nowy-CID99-IDWWU3q.html
"iPhone 14Pro GOLD, 128GB, etui NOMAD",iPhone 14 Pro,128,Używane,4800,Prywatne,Złoty,2023-08-18 13:08,2023-08-18 07:37,https://www.olx.pl/d/oferta/iphone-14pro-gold-128gb-etui-nomad-CID99-IDWWTwz.html
Iphone 13 pro 256gb kondycja baterii 91%,iPhone 13 Pro,256,Używane,3550,Prywatne,Szary,2023-08-18 13:08,2023-08-18 07:25,https://www.olx.pl/d/oferta/iphone-13-pro-256gb-kondycja-baterii-91-CID99-IDWWSXd.html
iPhone 13 pro stan idealny. Gwarancja sklepu do konca roku,iPhone 13 Pro,128,Używane,3500,Prywatne,Czarny,2023-08-18 13:08,2023-08-18 07:19,https://www.olx.pl/d/oferta/iphone-13-pro-stan-idealny-gwarancja-sklepu-do-konca-roku-CID99-IDWx1Yj.html
Iphone 14 pro 128 GB 5g (fabrycznie nowy nie otwierqny),iPhone 14 Pro,128,Nowe,5199,Prywatne,Czarny,2023-08-18 13:08,2023-08-18 07:17,https://www.olx.pl/d/oferta/iphone-14-pro-128-gb-5g-fabrycznie-nowy-nie-otwierqny-CID99-IDWszus.html
iPhone 14 pro 128 GB deep purple nowy,iPhone 14 Pro,128,Nowe,4199,Prywatne,Fioletowy,2023-08-18 13:08,2023-08-18 06:28,https://www.olx.pl/d/oferta/iphone-14-pro-128-gb-deep-purple-nowy-CID99-IDWWQPw.html
iPhone 13 Pro 128 GB Gold,iPhone 13 Pro,128,Nowe,3450,Prywatne,Złoty,2023-08-18 13:08,2023-08-18 06:24,https://www.olx.pl/d/oferta/iphone-13-pro-128-gb-gold-CID99-IDWWQHY.html
iPhone 13 pro stan idealny GWARANCJA !,iPhone 13 Pro,,Używane,4750,Prywatne,,2023-08-18 13:08,2023-08-18 06:01,https://www.olx.pl/d/oferta/iphone-13-pro-stan-idealny-gwarancja-CID99-IDSXA46.html
Smartfon Apple Iphone 14 pro 512Gb Deep Purple,iPhone 14 Pro,512,Nowe,5899,Firmowe,,2023-08-18 13:08,2023-08-18 05:41,https://www.olx.pl/d/oferta/smartfon-apple-iphone-14-pro-512gb-deep-purple-CID99-IDT3xAC.html
iPhone 14 Pro deep Purple 128gb,iPhone 14 Pro,128,Używane,4250,Prywatne,Fioletowy,2023-08-18 13:08,2023-08-13 00:00,https://www.olx.pl/d/oferta/iphone-14-pro-deep-purple-128gb-CID99-IDWEQJz.html
*HIT* iPhone 14 Pro • 128GB • Black • Gwarancja Apple • Prezent,iPhone 14 Pro,128,Nowe,4829,Prywatne,,2023-08-18 13:08,2023-07-27 00:00,https://www.olx.pl/d/oferta/hit-iphone-14-pro-128gb-black-gwarancja-apple-prezent-CID99-IDUFIH1.html
Iphone 14Pro 256GB Ciemny Fiolet. Nowiutki Zaplombowany.,iPhone 14 Pro,256,Nowe,4299,Prywatne,Fioletowy,2023-08-18 13:08,2023-08-18 05:35,https://www.olx.pl/d/oferta/iphone-14pro-256gb-ciemny-fiolet-nowiutki-zaplombowany-CID99-IDWWPzp.html
iPhone 14 Pro | 100% Kondycja | Space Grey 128GB,iPhone 14 Pro,128,Używane,4490,Prywatne,Czarny,2023-08-18 13:08,2023-08-18 02:49,https://www.olx.pl/d/oferta/iphone-14-pro-100-kondycja-space-grey-128gb-CID99-IDWwvvP.html
Iphone 13 pro 512  gb graphite,iPhone 13 Pro,512,Używane,3700,Prywatne,Szary,2023-08-18 13:08,2023-08-18 02:19,https://www.olx.pl/d/oferta/iphone-13-pro-512-gb-graphite-CID99-IDQ6G2G.html
Iphone 13 pro 128 gb blue  jak Nowy perełka,iPhone 13 Pro,128,Używane,3350,Prywatne,Niebieski,2023-08-18 13:08,2023-08-18 02:15,https://www.olx.pl/d/oferta/iphone-13-pro-128-gb-blue-jak-nowy-perelka-CID99-IDQ5ug6.html
"iPhone 13 PRO 128GB Sierra Blue, Gold z PL Dystrybucji GW Warszawa",iPhone 13 Pro,128,Nowe,4400,Firmowe,,2023-08-18 13:08,2023-08-18 01:56,https://www.olx.pl/d/oferta/iphone-13-pro-128gb-sierra-blue-gold-z-pl-dystrybucji-gw-warszawa-CID99-IDMWB9x.html
iPhone 13 Pro - Sierra Blue - SUPER STAN + GRATISY,iPhone 13 Pro,128,Używane,3599,Prywatne,Niebieski,2023-08-18 13:08,2023-08-18 00:41,https://www.olx.pl/d/oferta/iphone-13-pro-sierra-blue-super-stan-gratisy-CID99-IDWBJbJ.html
iPhone 14 Pro Space Black 128gb MIESIĘCZNY!,iPhone 14 Pro,128,Używane,4599,Prywatne,Czarny,2023-08-18 13:08,2023-08-17 00:00,https://www.olx.pl/d/oferta/iphone-14-pro-space-black-128gb-miesieczny-CID99-IDWWDM9.html
Iphone 14 pro 512,iPhone 14 Pro,512,Nowe,6000,Prywatne,Czarny,2023-08-18 13:58,2023-08-18 11:31,https://www.olx.pl/d/oferta/iphone-14-pro-512-CID99-IDWVb3k.html
Apple iPhone 14 Pro 128GB Purple Fioletowy Bez Blokad 100% Bateria,iPhone 14 Pro,128,Używane,4100,Firmowe,Fioletowy,2023-08-18 13:58,2023-08-18 11:23,https://www.olx.pl/d/oferta/apple-iphone-14-pro-128gb-purple-fioletowy-bez-blokad-100-bateria-CID99-IDWVast.html
iPhone 13 PRO czarny,iPhone 13 Pro,128,Używane,3400,Prywatne,,2023-08-18 13:58,2023-08-18 11:20,https://www.olx.pl/d/oferta/iphone-13-pro-czarny-CID99-IDWVagP.html
iPhone 13 Pro 256GB Ubezpieczenie,iPhone 13 Pro,256,Używane,4500,Prywatne,Niebieski,2023-08-18 13:58,2023-08-18 11:17,https://www.olx.pl/d/oferta/iphone-13-pro-256gb-ubezpieczenie-CID99-IDWVa3h.html
IPhone 14 pro gwiezdna czerń nowy nieaktywo bez  rat gwarancja Apple,iPhone 14 Pro,128,Nowe,4499,Prywatne,Czarny,2023-08-18 13:58,2023-08-18 11:15,https://www.olx.pl/d/oferta/iphone-14-pro-gwiezdna-czern-nowy-nieaktywo-bez-rat-gwarancja-apple-CID99-IDWV9X1.html
Mamy GO Promocja- Iphone 14 Pro 128/256 silver/black/gold-sklep-,iPhone 14 Pro,128,Nowe,4799,Firmowe,,2023-08-18 13:58,2023-08-18 11:10,https://www.olx.pl/d/oferta/mamy-go-promocja-iphone-14-pro-128-256-silver-black-gold-sklep-CID99-IDRubus.html
Apple iPhone 13 Pro 128GB Kolor: Blue|Graphite |Gwarancja|Sklep|Raty|,iPhone 13 Pro,128,Używane,3699,Firmowe,,2023-08-18 13:58,2023-08-14 00:00,https://www.olx.pl/d/oferta/apple-iphone-13-pro-128gb-kolor-blue-graphite-gwarancja-sklep-raty-CID99-IDWr62q.html
na sprzedaż iPhone 14 pro,iPhone 14 Pro,256,Nowe,5100,Prywatne,Fioletowy,2023-08-18 13:58,2023-08-18 08:57,https://www.olx.pl/d/oferta/na-sprzedaz-iphone-14-pro-CID99-IDWWXIx.html
iPhone 13 Pro 128GB SIERRA BLUE Niebieski Granatowy Jak Nowy GWARANCJA,iPhone 13 Pro,128,Używane,3699,Firmowe,Niebieski,2023-08-18 13:58,2023-08-16 00:00,https://www.olx.pl/d/oferta/iphone-13-pro-128gb-sierra-blue-niebieski-granatowy-jak-nowy-gwarancja-CID99-IDWUdfu.html
iPhone 13 PRO 128GB 100% kondycja,iPhone 13 Pro,256,Używane,3199,Prywatne,Zielony,2023-08-18 13:58,2023-08-17 00:00,https://www.olx.pl/d/oferta/iphone-13-pro-128gb-100-kondycja-CID99-IDWWyGO.html
"Apple iPhone 14 Pro 256GB Silver, Gold, Deep Purple i Black SKLEP",iPhone 14 Pro,256,Nowe,5199,Firmowe,,2023-08-18 13:58,2023-08-03 00:00,https://www.olx.pl/d/oferta/apple-iphone-14-pro-256gb-silver-gold-deep-purple-i-black-sklep-CID99-IDRyQLK.html
