,Tytuł,Model telefonu,Wbudowana pamięć,Stan,Cena,Typ,Kolor,Opis,Data opublikowania ogłoszenia
0,Apple iPhone 14 Pro 256GB Gold,iPhone 14 Pro,256GB,Nowe,5 049 zł,Firmowe,Złoty,,20 lipca 2023
1,Iphone 14 pro 128gb -SREBRNY  nowy nie rozpakowany. Zdowodem zakupu.,iPhone 14 Pro,128GB,Nowe,4 700 zł,Prywatne,Srebrny,,07 sierpnia 2023
2,Telefon Apple iPhone 13 Pro 256GB Używany –Graphite –LEO–,iPhone 13 Pro,256GB,Używane,3 499 zł,Firmowe,Szary,,07 sierpnia 2023
3,**HIT**iPhone 14 Pro 128 GB Deep Purple/ Gwarancja 24 mc/ Raty 0%,iPhone 14 Pro,128GB,Używane,4 949 zł,Firmowe,Czarny,,Dzisiaj o 09:20
4,Sklep iPhone 13 Pro 128gb graphite bateria 100% gwar prod,iPhone 13 Pro,,Używane,4 399 zł,Firmowe,,,Dzisiaj o 09:16
5,Jak Nowy Apple iPhone 13 Pro 256GB Silver Gwarancja,iPhone 13 Pro,,Używane,4 099 zł,Firmowe,,,Dzisiaj o 09:13
6,Apple IPhone 14 Pro 512 GB Gwiezdna Czerń Nówka,iPhone 14 Pro,512GB,Nowe,6 000 zł,Prywatne,Czarny,,Dzisiaj o 08:48
7,IPhone 14 Pro telefon NOWY,iPhone 14 Pro,128GB,Nowe,5 300 zł,Prywatne,Biały,,Dzisiaj o 08:27
8,IPhone 13 Pro 256 Gb stan idealny gwarancja,iPhone 13 Pro,,Używane,4 200 zł,Prywatne,,,Dzisiaj o 08:20
9,iPhone 14 pro złoty 128,iPhone 14 Pro,128GB,Nowe,4 600 zł,Prywatne,Złoty,,Dzisiaj o 08:20
10,iPhone 13 PRO - 128 GB,iPhone 13 Pro,128GB,Używane,4 099 zł,Prywatne,Szary,,Dzisiaj o 08:14
11,iPhone 14 pro gold,iPhone 14 Pro,Inna,Nowe,4 790 zł,Prywatne,Czarny,,Dzisiaj o 08:12
12,iPhone 14 PRO NOWY,iPhone 14 Pro,128GB,Nowe,4 700 zł,Prywatne,Srebrny,,Dzisiaj o 07:56
13,iPhone 13 pro gold,iPhone 13 Pro,128GB,Używane,3 600 zł,Prywatne,Złoty,,07 sierpnia 2023
14,Apple iPhone 14 Pro 6/128GB 5G Czarny(Space Black),iPhone 14 Pro,128GB,Nowe,4 800 zł,Prywatne,Czarny,,Dzisiaj o 01:08
15,iPhone 13 Pro 128 GB zielony// Stan bardzo dobry,iPhone 13 Pro,,Używane,3 400 zł,Prywatne,Zielony,,02 sierpnia 2023
16,Iphone 14 Pro 512GB Space Black --- RTV Euro AGD ---,iPhone 14 Pro,512GB,Nowe,6 000 zł,Prywatne,,,Dzisiaj o 07:52
17,Apple iPhone 14 Pro 256GB Srebrny Gwarancja 12m,iPhone 14 Pro,256GB,Nowe,5 580 zł,Firmowe,,,Dzisiaj o 07:29
18,iPhone 13 pro na sprzedaż,iPhone 13 Pro,Inna,Używane,3 700 zł,Prywatne,Szary,,Dzisiaj o 07:18
19,IPhone 14 pro Nowy. iphone 256GB,iPhone 14 Pro,256GB,Nowe,5 000 zł,Prywatne,Fioletowy,,Dzisiaj o 07:05
20,Iphone 14 Pro 128 srebrny jak Nowy,iPhone 14 Pro,128GB,Używane,4 500 zł,Prywatne,,,Dzisiaj o 06:56
21,Nowy iPhone 14 Pro 128 Deep Purple iDream Apple,iPhone 14 Pro,128GB,Nowe,4 800 zł,Prywatne,Fioletowy,,Dzisiaj o 06:44
22,Sprzedam iPhone 13 Pro Gold Jak Nowy,iPhone 13 Pro,128GB,Używane,3 700 zł,Prywatne,Złoty,,Dzisiaj o 05:09
23,iPhone 14 Pro 512 GB Space Black Nowy!,iPhone 14 Pro,512GB,Nowe,5 800 zł,Prywatne,Czarny,,Dzisiaj o 05:04
24,Iphone 12 pro 256 GB,iPhone 14 Pro,256GB,Używane,2 699 zł,Prywatne,Szary,,Dzisiaj o 04:46
25,iPhone 13 128GB Bardzo dobry stan,iPhone 13 Pro,128GB,Używane,2 750 zł,Prywatne,Czerwony,,07 sierpnia 2023
26,iPhone 14 Pro Deep Purple 128GB - Zapakowany! Nowy!,iPhone 14 Pro,Inna,Nowe,4 800 zł,Prywatne,Fioletowy,,05 sierpnia 2023
27,iPhone 13 Pro 512 GB,iPhone 13 Pro,512GB,Używane,4 099 zł,Prywatne,Niebieski,,06 sierpnia 2023
28,iPhone 14 Pro 128GB *nowy* *2 kolory*,iPhone 14 Pro,128GB,Nowe,4 599 zł,Prywatne,,,07 sierpnia 2023
29,iPhone 13 pro 128GB Sierra Blue Kraków Krakowska 4 Sklep Mamy Go !,iPhone 13 Pro,256GB,Nowe,4 399 zł,Firmowe,Niebieski,,07 sierpnia 2023
30,Nowy iPhone 14 pro gratis oryginalny case !,iPhone 14 Pro,128GB,Nowe,4 000 zł,Prywatne,Srebrny,,07 sierpnia 2023
31,Iphone 13 pro 1TB kolory Kraków ul.krakowska 4 Sklep GSM dostępne !,iPhone 13 Pro,Inna,Nowe,5 499 zł,Firmowe,,,07 sierpnia 2023
32,"iPhone 13 Pro 128 GB, czarny, stan bdb, bateria 91%",iPhone 13 Pro,128GB,Używane,3 000 zł,Prywatne,Czarny,,07 sierpnia 2023
33,iPhone 13 Pro 128Gb idealny zero rys szło etui magsafe,iPhone 13 Pro,128GB,Używane,3 600 zł,Prywatne,Srebrny,,07 sierpnia 2023
34,Telefon iPhone 13 Pro 128GB POLECAM,iPhone 13 Pro,128GB,Używane,3 799 zł,Prywatne,Czarny,,07 sierpnia 2023
35,Iphone 14 pro GOLD 256GB JAK NOWY! gwarancja!,iPhone 14 Pro,256GB,Używane,4 500 zł,Prywatne,Złoty,,07 sierpnia 2023
36,iPhone 14 PRO 128GB,iPhone 14 Pro,128GB,Nowe,4 500 zł,Prywatne,Czarny,,07 sierpnia 2023
37,iPhone 13 pro 128 gb,iPhone 13 Pro,128GB,Używane,3 200 zł,Prywatne,Niebieski,,07 sierpnia 2023
38,OKAZJA NOWY Z AMAZON Apple iPhone 14 Pro (128 GB) - Srebrny,iPhone 14 Pro,128GB,Nowe,4 749 zł,Prywatne,Srebrny,,28 lipca 2023
39,iPhone 14 Pro 128GB Black/Purple/Gold/Silver Kraków ul.krakowska 4,iPhone 14 Pro,128GB,Nowe,4 699 zł,Firmowe,,,06 sierpnia 2023
40,iPhone 13 Pro 256gb Bateria 100% Sklep Warszawa Gwarancja 12 miesięcy,iPhone 13 Pro,256GB,Używane,4 249 zł,Firmowe,,,24 lipca 2023
41,Apple iPhone 13 Pro 128GB Graphite - jak NOWY,iPhone 13 Pro,128GB,Używane,3 750 zł,Prywatne,Szary,,07 sierpnia 2023
42,Iphone 14 pro 128gb -SREBRNY  nowy nie rozpakowany. Zdowodem zakupu.,iPhone 14 Pro,128GB,Nowe,4 700 zł,Prywatne,Srebrny,,07 sierpnia 2023
43,iPhone 14 Pro 256 gb,iPhone 14 Pro,256GB,Nowe,5 500 zł,Prywatne,,,07 sierpnia 2023
44,iPhone 14 Pro 512 GB Space Black VAT 23%,iPhone 14 Pro,512GB,Nowe,5 999 zł,Prywatne,Czarny,,07 sierpnia 2023
45,Iphone 14pro nowy,iPhone 14 Pro,128GB,Nowe,5 100 zł,Prywatne,,,07 sierpnia 2023
46,"iPhone 14 Pro 256GB Fiolet | GW24m | Możliwa Zamiana na 14, 13 Pro",iPhone 14 Pro,256GB,Nowe,4 800 zł,Prywatne,Fioletowy,,07 sierpnia 2023
47,iPhone 14 Pro 256Gb Space Gray,iPhone 14 Pro,256GB,Używane,4 500 zł,Prywatne,Czarny,,07 sierpnia 2023
48,IPhone 13 Pro 128 gb ideally stan,iPhone 13 Pro,128GB,Używane,3 400 zł,Prywatne,Szary,,07 sierpnia 2023
49,IPHONE 14 pro złoty 128 Gb,iPhone 14 Pro,128GB,Nowe,4 600 zł,Prywatne,,,07 sierpnia 2023
50,"Iphone 13 Pro 128GB Gold - Zadbany ,stan bardzo dobry",iPhone 13 Pro,128GB,Używane,4 100 zł,Prywatne,Złoty,,07 sierpnia 2023
